kab,tahun,pekan,kasus
Kabupaten Banyuasin,2021,1,0
Kabupaten Banyuasin,2021,2,0
Kabupaten Banyuasin,2021,3,0
Kabupaten Banyuasin,2021,4,0
Kabupaten Banyuasin,2021,5,0
Kabupaten Banyuasin,2021,6,0
Kabupaten Banyuasin,2021,7,0
Kabupaten Banyuasin,2021,8,0
Kabupaten Banyuasin,2021,9,0
Kabupaten Banyuasin,2021,10,0
Kabupaten Banyuasin,2021,11,0
Kabupaten Banyuasin,2021,12,0
Kabupaten Banyuasin,2021,13,0
Kabupaten Banyuasin,2021,14,0
Kabupaten Banyuasin,2021,15,0
Kabupaten Banyuasin,2021,16,0
Kabupaten Banyuasin,2021,17,21
Kabupaten Banyuasin,2021,18,0
Kabupaten Banyuasin,2021,19,1
Kabupaten Banyuasin,2021,20,0
Kabupaten Banyuasin,2021,21,0
Kabupaten Banyuasin,2021,22,0
Kabupaten Banyuasin,2021,23,1
Kabupaten Banyuasin,2021,24,0
Kabupaten Banyuasin,2021,25,0
Kabupaten Banyuasin,2021,26,0
Kabupaten Banyuasin,2021,27,0
Kabupaten Banyuasin,2021,28,0
Kabupaten Banyuasin,2021,29,0
Kabupaten Banyuasin,2021,30,0
Kabupaten Banyuasin,2021,31,0
Kabupaten Banyuasin,2021,32,0
Kabupaten Banyuasin,2021,33,0
Kabupaten Banyuasin,2021,34,0
Kabupaten Banyuasin,2021,35,0
Kabupaten Banyuasin,2021,36,0
Kabupaten Banyuasin,2021,37,0
Kabupaten Banyuasin,2021,38,0
Kabupaten Banyuasin,2021,39,0
Kabupaten Banyuasin,2021,40,0
Kabupaten Banyuasin,2021,41,0
Kabupaten Banyuasin,2021,42,0
Kabupaten Banyuasin,2021,43,0
Kabupaten Banyuasin,2021,44,0
Kabupaten Banyuasin,2021,45,0
Kabupaten Banyuasin,2021,46,0
Kabupaten Banyuasin,2021,47,0
Kabupaten Banyuasin,2021,48,0
Kabupaten Banyuasin,2021,49,0
Kabupaten Banyuasin,2021,50,0
Kabupaten Banyuasin,2021,51,0
Kabupaten Banyuasin,2021,52,0
Kabupaten Banyuasin,2022,1,0
Kabupaten Banyuasin,2022,2,0
Kabupaten Banyuasin,2022,3,0
Kabupaten Banyuasin,2022,4,0
Kabupaten Banyuasin,2022,5,0
Kabupaten Banyuasin,2022,6,0
Kabupaten Banyuasin,2022,7,0
Kabupaten Banyuasin,2022,8,0
Kabupaten Banyuasin,2022,9,0
Kabupaten Banyuasin,2022,10,0
Kabupaten Banyuasin,2022,11,0
Kabupaten Banyuasin,2022,12,0
Kabupaten Banyuasin,2022,13,0
Kabupaten Banyuasin,2022,14,0
Kabupaten Banyuasin,2022,15,218
Kabupaten Banyuasin,2022,16,0
Kabupaten Banyuasin,2022,17,0
Kabupaten Banyuasin,2022,18,0
Kabupaten Banyuasin,2022,19,0
Kabupaten Banyuasin,2022,20,0
Kabupaten Banyuasin,2022,21,0
Kabupaten Banyuasin,2022,22,0
Kabupaten Banyuasin,2022,23,0
Kabupaten Banyuasin,2022,24,0
Kabupaten Banyuasin,2022,25,0
Kabupaten Banyuasin,2022,26,0
Kabupaten Banyuasin,2022,27,0
Kabupaten Banyuasin,2022,28,0
Kabupaten Banyuasin,2022,29,0
Kabupaten Banyuasin,2022,30,0
Kabupaten Banyuasin,2022,31,0
Kabupaten Banyuasin,2022,32,0
Kabupaten Banyuasin,2022,33,0
Kabupaten Banyuasin,2022,34,0
Kabupaten Banyuasin,2022,35,0
Kabupaten Banyuasin,2022,36,0
Kabupaten Banyuasin,2022,37,0
Kabupaten Banyuasin,2022,38,0
Kabupaten Banyuasin,2022,39,0
Kabupaten Banyuasin,2022,40,0
Kabupaten Banyuasin,2022,41,0
Kabupaten Banyuasin,2022,42,0
Kabupaten Banyuasin,2022,43,0
Kabupaten Banyuasin,2022,44,0
Kabupaten Banyuasin,2022,45,0
Kabupaten Banyuasin,2022,46,0
Kabupaten Banyuasin,2022,47,0
Kabupaten Banyuasin,2022,48,0
Kabupaten Banyuasin,2022,49,0
Kabupaten Banyuasin,2022,50,0
Kabupaten Banyuasin,2022,51,0
Kabupaten Banyuasin,2022,52,0
Kabupaten Banyuasin,2023,1,0
Kabupaten Banyuasin,2023,2,0
Kabupaten Banyuasin,2023,3,0
Kabupaten Banyuasin,2023,4,0
Kabupaten Banyuasin,2023,5,0
Kabupaten Banyuasin,2023,6,0
Kabupaten Banyuasin,2023,7,0
Kabupaten Banyuasin,2023,8,0
Kabupaten Banyuasin,2023,9,0
Kabupaten Banyuasin,2023,10,0
Kabupaten Banyuasin,2023,11,0
Kabupaten Banyuasin,2023,12,0
Kabupaten Banyuasin,2023,13,0
Kabupaten Banyuasin,2023,14,0
Kabupaten Banyuasin,2023,15,0
Kabupaten Banyuasin,2023,16,0
Kabupaten Banyuasin,2023,17,0
Kabupaten Banyuasin,2023,18,0
Kabupaten Banyuasin,2023,19,0
Kabupaten Banyuasin,2023,20,0
Kabupaten Banyuasin,2023,21,0
Kabupaten Banyuasin,2023,22,0
Kabupaten Banyuasin,2023,23,0
Kabupaten Banyuasin,2023,24,0
Kabupaten Banyuasin,2023,25,0
Kabupaten Banyuasin,2023,26,0
Kabupaten Banyuasin,2023,27,0
Kabupaten Banyuasin,2023,28,0
Kabupaten Banyuasin,2023,29,0
Kabupaten Banyuasin,2023,30,0
Kabupaten Banyuasin,2023,31,0
Kabupaten Banyuasin,2023,32,0
Kabupaten Banyuasin,2023,33,0
Kabupaten Banyuasin,2023,34,0
Kabupaten Banyuasin,2023,35,0
Kabupaten Banyuasin,2023,36,0
Kabupaten Banyuasin,2023,37,0
Kabupaten Banyuasin,2023,38,0
Kabupaten Banyuasin,2023,39,0
Kabupaten Banyuasin,2023,40,0
Kabupaten Banyuasin,2023,41,0
Kabupaten Banyuasin,2023,42,0
Kabupaten Banyuasin,2023,43,0
Kabupaten Banyuasin,2023,44,0
Kabupaten Banyuasin,2023,45,0
Kabupaten Banyuasin,2023,46,0
Kabupaten Banyuasin,2023,47,0
Kabupaten Banyuasin,2023,48,0
Kabupaten Banyuasin,2023,49,0
Kabupaten Banyuasin,2023,50,0
Kabupaten Banyuasin,2023,51,0
Kabupaten Banyuasin,2023,52,0
Kabupaten Banyuasin,2024,1,0
Kabupaten Banyuasin,2024,2,0
Kabupaten Banyuasin,2024,3,0
Kabupaten Banyuasin,2024,4,0
Kabupaten Banyuasin,2024,5,0
Kabupaten Banyuasin,2024,6,0
Kabupaten Banyuasin,2024,7,0
Kabupaten Banyuasin,2024,8,0
Kabupaten Banyuasin,2024,9,0
Kabupaten Banyuasin,2024,10,0
Kabupaten Banyuasin,2024,11,0
Kabupaten Banyuasin,2024,12,0
Kabupaten Banyuasin,2024,13,0
Kabupaten Banyuasin,2024,14,0
Kabupaten Banyuasin,2024,15,0
Kabupaten Banyuasin,2024,16,0
Kabupaten Banyuasin,2024,17,0
Kabupaten Banyuasin,2024,18,0
Kabupaten Banyuasin,2024,19,0
Kabupaten Banyuasin,2024,20,0
Kabupaten Banyuasin,2024,21,0
Kabupaten Banyuasin,2024,22,0
Kabupaten Banyuasin,2024,23,0
Kabupaten Banyuasin,2024,24,0
Kabupaten Banyuasin,2024,25,0
Kabupaten Banyuasin,2024,26,2
Kabupaten Banyuasin,2024,27,0
Kabupaten Banyuasin,2024,28,0
Kabupaten Banyuasin,2024,29,0
Kabupaten Banyuasin,2024,30,0
Kabupaten Banyuasin,2024,31,0
Kabupaten Banyuasin,2024,32,0
Kabupaten Banyuasin,2024,33,0
Kabupaten Banyuasin,2024,34,0
Kabupaten Banyuasin,2024,35,0
Kabupaten Banyuasin,2024,36,0
Kabupaten Banyuasin,2024,37,0
Kabupaten Banyuasin,2024,38,1
Kabupaten Banyuasin,2024,39,0
Kabupaten Banyuasin,2024,40,0
Kabupaten Banyuasin,2024,41,0
Kabupaten Banyuasin,2024,42,0
Kabupaten Banyuasin,2024,43,0
Kabupaten Banyuasin,2024,44,0
Kabupaten Banyuasin,2024,45,0
Kabupaten Banyuasin,2024,46,0
Kabupaten Banyuasin,2024,47,1
Kabupaten Banyuasin,2024,48,0
Kabupaten Banyuasin,2024,49,0
Kabupaten Banyuasin,2024,50,0
Kabupaten Banyuasin,2024,51,0
Kabupaten Banyuasin,2024,52,0
Kabupaten Banyuasin,2025,1,0
Kabupaten Banyuasin,2025,2,0
Kabupaten Banyuasin,2025,3,0
Kabupaten Banyuasin,2025,4,0
Kabupaten Banyuasin,2025,5,0
Kabupaten Banyuasin,2025,6,0
Kabupaten Banyuasin,2025,7,0
Kabupaten Banyuasin,2025,8,0
Kabupaten Banyuasin,2025,9,0
Kabupaten Banyuasin,2025,10,0
Kabupaten Banyuasin,2025,11,0
Kabupaten Banyuasin,2025,12,0
Kabupaten Banyuasin,2025,13,0
Kabupaten Banyuasin,2025,14,0
Kabupaten Banyuasin,2025,15,0
Kabupaten Banyuasin,2025,16,0
Kabupaten Banyuasin,2025,17,0
Kabupaten Banyuasin,2025,18,0
Kabupaten Banyuasin,2025,19,0
Kabupaten Banyuasin,2025,20,0
Kabupaten Banyuasin,2025,21,0
Kabupaten Banyuasin,2025,22,0
Kabupaten Banyuasin,2025,23,0
Kabupaten Banyuasin,2025,24,0
Kabupaten Banyuasin,2025,25,0
Kabupaten Banyuasin,2025,26,0
Kabupaten Banyuasin,2025,27,0
Kabupaten Banyuasin,2025,28,0
Kabupaten Banyuasin,2025,29,0
Kabupaten Banyuasin,2025,30,0
Kabupaten Banyuasin,2025,31,0
Kabupaten Banyuasin,2025,32,0
Kabupaten Banyuasin,2025,33,0
Kabupaten Banyuasin,2025,34,0
Kabupaten Banyuasin,2025,35,0
Kabupaten Banyuasin,2025,36,0
Kabupaten Banyuasin,2025,37,0
Kabupaten Banyuasin,2025,38,0
Kabupaten Banyuasin,2025,39,0
Kabupaten Banyuasin,2025,40,0
Kabupaten Banyuasin,2025,41,0
Kabupaten Banyuasin,2025,42,0
Kabupaten Banyuasin,2025,43,0
Kabupaten Banyuasin,2025,44,1
Kabupaten Banyuasin,2025,45,0
Kabupaten Banyuasin,2025,46,0
Kabupaten Banyuasin,2025,47,0
Kabupaten Banyuasin,2025,48,0
Kabupaten Banyuasin,2025,49,0
Kabupaten Banyuasin,2025,50,0
Kabupaten Banyuasin,2025,51,0
Kabupaten Banyuasin,2025,52,0
Kabupaten Banyuasin,2026,1,0
Kabupaten Banyuasin,2026,2,0
Kabupaten Banyuasin,2026,3,0
Kabupaten Banyuasin,2026,4,0
Kabupaten Banyuasin,2026,5,0
Kabupaten Banyuasin,2026,6,0
Kabupaten Banyuasin,2026,7,1
Kabupaten Banyuasin,2026,8,0
Kabupaten Banyuasin,2026,9,0
Kabupaten Banyuasin,2026,10,0
Kabupaten Banyuasin,2026,11,0
Kabupaten Banyuasin,2026,12,0
Kabupaten Banyuasin,2026,13,0
Kabupaten Banyuasin,2026,14,0
Kabupaten Banyuasin,2026,15,1
Kabupaten Banyuasin,2026,16,0
Kabupaten Banyuasin,2026,17,0
Kabupaten Banyuasin,2026,18,1
Kabupaten Banyuasin,2026,19,0
Kabupaten Banyuasin,2026,20,0
Kabupaten Banyuasin,2026,21,0
Kabupaten Banyuasin,2026,22,0
Kabupaten Banyuasin,2026,23,0
Kabupaten Banyuasin,2026,24,0
Kabupaten Banyuasin,2026,25,0
Kabupaten Banyuasin,2026,26,1
Kabupaten Banyuasin,2026,27,0
Kabupaten Banyuasin,2026,28,0
Kabupaten Banyuasin,2026,29,1
Kabupaten Banyuasin,2026,30,1
Kabupaten Banyuasin,2026,31,1
Kabupaten Banyuasin,2026,32,0
Kabupaten Banyuasin,2026,33,4
Kabupaten Banyuasin,2026,34,10
Kabupaten Banyuasin,2026,35,2
Kabupaten Banyuasin,2026,36,2
Kabupaten Banyuasin,2026,37,2
Kabupaten Banyuasin,2026,38,1
Kabupaten Banyuasin,2026,39,0
Kabupaten Empat Lawang,2021,1,0
Kabupaten Empat Lawang,2021,2,0
Kabupaten Empat Lawang,2021,3,0
Kabupaten Empat Lawang,2021,4,0
Kabupaten Empat Lawang,2021,5,0
Kabupaten Empat Lawang,2021,6,0
Kabupaten Empat Lawang,2021,7,0
Kabupaten Empat Lawang,2021,8,0
Kabupaten Empat Lawang,2021,9,0
Kabupaten Empat Lawang,2021,10,0
Kabupaten Empat Lawang,2021,11,0
Kabupaten Empat Lawang,2021,12,0
Kabupaten Empat Lawang,2021,13,0
Kabupaten Empat Lawang,2021,14,0
Kabupaten Empat Lawang,2021,15,0
Kabupaten Empat Lawang,2021,16,0
Kabupaten Empat Lawang,2021,17,0
Kabupaten Empat Lawang,2021,18,23
Kabupaten Empat Lawang,2021,19,0
Kabupaten Empat Lawang,2021,20,0
Kabupaten Empat Lawang,2021,21,0
Kabupaten Empat Lawang,2021,22,0
Kabupaten Empat Lawang,2021,23,0
Kabupaten Empat Lawang,2021,24,0
Kabupaten Empat Lawang,2021,25,0
Kabupaten Empat Lawang,2021,26,0
Kabupaten Empat Lawang,2021,27,0
Kabupaten Empat Lawang,2021,28,0
Kabupaten Empat Lawang,2021,29,0
Kabupaten Empat Lawang,2021,30,0
Kabupaten Empat Lawang,2021,31,0
Kabupaten Empat Lawang,2021,32,0
Kabupaten Empat Lawang,2021,33,0
Kabupaten Empat Lawang,2021,34,0
Kabupaten Empat Lawang,2021,35,0
Kabupaten Empat Lawang,2021,36,0
Kabupaten Empat Lawang,2021,37,0
Kabupaten Empat Lawang,2021,38,0
Kabupaten Empat Lawang,2021,39,0
Kabupaten Empat Lawang,2021,40,0
Kabupaten Empat Lawang,2021,41,0
Kabupaten Empat Lawang,2021,42,0
Kabupaten Empat Lawang,2021,43,0
Kabupaten Empat Lawang,2021,44,0
Kabupaten Empat Lawang,2021,45,0
Kabupaten Empat Lawang,2021,46,0
Kabupaten Empat Lawang,2021,47,0
Kabupaten Empat Lawang,2021,48,0
Kabupaten Empat Lawang,2021,49,0
Kabupaten Empat Lawang,2021,50,0
Kabupaten Empat Lawang,2021,51,0
Kabupaten Empat Lawang,2021,52,0
Kabupaten Empat Lawang,2022,1,0
Kabupaten Empat Lawang,2022,2,0
Kabupaten Empat Lawang,2022,3,0
Kabupaten Empat Lawang,2022,4,0
Kabupaten Empat Lawang,2022,5,0
Kabupaten Empat Lawang,2022,6,0
Kabupaten Empat Lawang,2022,7,0
Kabupaten Empat Lawang,2022,8,0
Kabupaten Empat Lawang,2022,9,0
Kabupaten Empat Lawang,2022,10,0
Kabupaten Empat Lawang,2022,11,0
Kabupaten Empat Lawang,2022,12,0
Kabupaten Empat Lawang,2022,13,0
Kabupaten Empat Lawang,2022,14,0
Kabupaten Empat Lawang,2022,15,0
Kabupaten Empat Lawang,2022,16,0
Kabupaten Empat Lawang,2022,17,0
Kabupaten Empat Lawang,2022,18,0
Kabupaten Empat Lawang,2022,19,0
Kabupaten Empat Lawang,2022,20,0
Kabupaten Empat Lawang,2022,21,0
Kabupaten Empat Lawang,2022,22,0
Kabupaten Empat Lawang,2022,23,0
Kabupaten Empat Lawang,2022,24,0
Kabupaten Empat Lawang,2022,25,0
Kabupaten Empat Lawang,2022,26,0
Kabupaten Empat Lawang,2022,27,0
Kabupaten Empat Lawang,2022,28,0
Kabupaten Empat Lawang,2022,29,0
Kabupaten Empat Lawang,2022,30,0
Kabupaten Empat Lawang,2022,31,0
Kabupaten Empat Lawang,2022,32,0
Kabupaten Empat Lawang,2022,33,0
Kabupaten Empat Lawang,2022,34,0
Kabupaten Empat Lawang,2022,35,0
Kabupaten Empat Lawang,2022,36,0
Kabupaten Empat Lawang,2022,37,0
Kabupaten Empat Lawang,2022,38,0
Kabupaten Empat Lawang,2022,39,1
Kabupaten Empat Lawang,2022,40,0
Kabupaten Empat Lawang,2022,41,0
Kabupaten Empat Lawang,2022,42,0
Kabupaten Empat Lawang,2022,43,0
Kabupaten Empat Lawang,2022,44,0
Kabupaten Empat Lawang,2022,45,0
Kabupaten Empat Lawang,2022,46,0
Kabupaten Empat Lawang,2022,47,0
Kabupaten Empat Lawang,2022,48,0
Kabupaten Empat Lawang,2022,49,0
Kabupaten Empat Lawang,2022,50,0
Kabupaten Empat Lawang,2022,51,0
Kabupaten Empat Lawang,2022,52,0
Kabupaten Empat Lawang,2023,1,0
Kabupaten Empat Lawang,2023,2,0
Kabupaten Empat Lawang,2023,3,0
Kabupaten Empat Lawang,2023,4,0
Kabupaten Empat Lawang,2023,5,0
Kabupaten Empat Lawang,2023,6,0
Kabupaten Empat Lawang,2023,7,0
Kabupaten Empat Lawang,2023,8,0
Kabupaten Empat Lawang,2023,9,0
Kabupaten Empat Lawang,2023,10,0
Kabupaten Empat Lawang,2023,11,0
Kabupaten Empat Lawang,2023,12,0
Kabupaten Empat Lawang,2023,13,0
Kabupaten Empat Lawang,2023,14,0
Kabupaten Empat Lawang,2023,15,0
Kabupaten Empat Lawang,2023,16,0
Kabupaten Empat Lawang,2023,17,0
Kabupaten Empat Lawang,2023,18,0
Kabupaten Empat Lawang,2023,19,0
Kabupaten Empat Lawang,2023,20,0
Kabupaten Empat Lawang,2023,21,0
Kabupaten Empat Lawang,2023,22,0
Kabupaten Empat Lawang,2023,23,0
Kabupaten Empat Lawang,2023,24,0
Kabupaten Empat Lawang,2023,25,0
Kabupaten Empat Lawang,2023,26,0
Kabupaten Empat Lawang,2023,27,0
Kabupaten Empat Lawang,2023,28,0
Kabupaten Empat Lawang,2023,29,0
Kabupaten Empat Lawang,2023,30,0
Kabupaten Empat Lawang,2023,31,0
Kabupaten Empat Lawang,2023,32,0
Kabupaten Empat Lawang,2023,33,0
Kabupaten Empat Lawang,2023,34,0
Kabupaten Empat Lawang,2023,35,0
Kabupaten Empat Lawang,2023,36,0
Kabupaten Empat Lawang,2023,37,0
Kabupaten Empat Lawang,2023,38,0
Kabupaten Empat Lawang,2023,39,0
Kabupaten Empat Lawang,2023,40,0
Kabupaten Empat Lawang,2023,41,0
Kabupaten Empat Lawang,2023,42,0
Kabupaten Empat Lawang,2023,43,0
Kabupaten Empat Lawang,2023,44,0
Kabupaten Empat Lawang,2023,45,0
Kabupaten Empat Lawang,2023,46,0
Kabupaten Empat Lawang,2023,47,0
Kabupaten Empat Lawang,2023,48,0
Kabupaten Empat Lawang,2023,49,0
Kabupaten Empat Lawang,2023,50,0
Kabupaten Empat Lawang,2023,51,0
Kabupaten Empat Lawang,2023,52,0
Kabupaten Empat Lawang,2024,1,0
Kabupaten Empat Lawang,2024,2,0
Kabupaten Empat Lawang,2024,3,0
Kabupaten Empat Lawang,2024,4,0
Kabupaten Empat Lawang,2024,5,0
Kabupaten Empat Lawang,2024,6,0
Kabupaten Empat Lawang,2024,7,0
Kabupaten Empat Lawang,2024,8,0
Kabupaten Empat Lawang,2024,9,0
Kabupaten Empat Lawang,2024,10,0
Kabupaten Empat Lawang,2024,11,0
Kabupaten Empat Lawang,2024,12,0
Kabupaten Empat Lawang,2024,13,0
Kabupaten Empat Lawang,2024,14,0
Kabupaten Empat Lawang,2024,15,0
Kabupaten Empat Lawang,2024,16,0
Kabupaten Empat Lawang,2024,17,0
Kabupaten Empat Lawang,2024,18,0
Kabupaten Empat Lawang,2024,19,0
Kabupaten Empat Lawang,2024,20,0
Kabupaten Empat Lawang,2024,21,0
Kabupaten Empat Lawang,2024,22,0
Kabupaten Empat Lawang,2024,23,0
Kabupaten Empat Lawang,2024,24,0
Kabupaten Empat Lawang,2024,25,0
Kabupaten Empat Lawang,2024,26,0
Kabupaten Empat Lawang,2024,27,0
Kabupaten Empat Lawang,2024,28,0
Kabupaten Empat Lawang,2024,29,0
Kabupaten Empat Lawang,2024,30,0
Kabupaten Empat Lawang,2024,31,0
Kabupaten Empat Lawang,2024,32,0
Kabupaten Empat Lawang,2024,33,0
Kabupaten Empat Lawang,2024,34,0
Kabupaten Empat Lawang,2024,35,0
Kabupaten Empat Lawang,2024,36,0
Kabupaten Empat Lawang,2024,37,0
Kabupaten Empat Lawang,2024,38,0
Kabupaten Empat Lawang,2024,39,0
Kabupaten Empat Lawang,2024,40,0
Kabupaten Empat Lawang,2024,41,0
Kabupaten Empat Lawang,2024,42,0
Kabupaten Empat Lawang,2024,43,0
Kabupaten Empat Lawang,2024,44,0
Kabupaten Empat Lawang,2024,45,0
Kabupaten Empat Lawang,2024,46,0
Kabupaten Empat Lawang,2024,47,0
Kabupaten Empat Lawang,2024,48,0
Kabupaten Empat Lawang,2024,49,0
Kabupaten Empat Lawang,2024,50,0
Kabupaten Empat Lawang,2024,51,0
Kabupaten Empat Lawang,2024,52,0
Kabupaten Empat Lawang,2025,1,0
Kabupaten Empat Lawang,2025,2,0
Kabupaten Empat Lawang,2025,3,0
Kabupaten Empat Lawang,2025,4,0
Kabupaten Empat Lawang,2025,5,0
Kabupaten Empat Lawang,2025,6,0
Kabupaten Empat Lawang,2025,7,1
Kabupaten Empat Lawang,2025,8,0
Kabupaten Empat Lawang,2025,9,0
Kabupaten Empat Lawang,2025,10,0
Kabupaten Empat Lawang,2025,11,0
Kabupaten Empat Lawang,2025,12,0
Kabupaten Empat Lawang,2025,13,0
Kabupaten Empat Lawang,2025,14,0
Kabupaten Empat Lawang,2025,15,0
Kabupaten Empat Lawang,2025,16,0
Kabupaten Empat Lawang,2025,17,0
Kabupaten Empat Lawang,2025,18,0
Kabupaten Empat Lawang,2025,19,0
Kabupaten Empat Lawang,2025,20,0
Kabupaten Empat Lawang,2025,21,0
Kabupaten Empat Lawang,2025,22,0
Kabupaten Empat Lawang,2025,23,0
Kabupaten Empat Lawang,2025,24,0
Kabupaten Empat Lawang,2025,25,0
Kabupaten Empat Lawang,2025,26,0
Kabupaten Empat Lawang,2025,27,0
Kabupaten Empat Lawang,2025,28,0
Kabupaten Empat Lawang,2025,29,0
Kabupaten Empat Lawang,2025,30,0
Kabupaten Empat Lawang,2025,31,0
Kabupaten Empat Lawang,2025,32,0
Kabupaten Empat Lawang,2025,33,0
Kabupaten Empat Lawang,2025,34,0
Kabupaten Empat Lawang,2025,35,0
Kabupaten Empat Lawang,2025,36,0
Kabupaten Empat Lawang,2025,37,0
Kabupaten Empat Lawang,2025,38,0
Kabupaten Empat Lawang,2025,39,0
Kabupaten Empat Lawang,2025,40,0
Kabupaten Empat Lawang,2025,41,0
Kabupaten Empat Lawang,2025,42,0
Kabupaten Empat Lawang,2025,43,0
Kabupaten Empat Lawang,2025,44,0
Kabupaten Empat Lawang,2025,45,0
Kabupaten Empat Lawang,2025,46,0
Kabupaten Empat Lawang,2025,47,0
Kabupaten Empat Lawang,2025,48,0
Kabupaten Empat Lawang,2025,49,0
Kabupaten Empat Lawang,2025,50,0
Kabupaten Empat Lawang,2025,51,0
Kabupaten Empat Lawang,2025,52,0
Kabupaten Empat Lawang,2026,1,0
Kabupaten Empat Lawang,2026,2,0
Kabupaten Empat Lawang,2026,3,0
Kabupaten Empat Lawang,2026,4,0
Kabupaten Empat Lawang,2026,5,0
Kabupaten Empat Lawang,2026,6,0
Kabupaten Empat Lawang,2026,7,0
Kabupaten Empat Lawang,2026,8,0
Kabupaten Empat Lawang,2026,9,0
Kabupaten Empat Lawang,2026,10,0
Kabupaten Empat Lawang,2026,11,0
Kabupaten Empat Lawang,2026,12,0
Kabupaten Empat Lawang,2026,13,0
Kabupaten Empat Lawang,2026,14,0
Kabupaten Empat Lawang,2026,15,0
Kabupaten Empat Lawang,2026,16,0
Kabupaten Empat Lawang,2026,17,0
Kabupaten Empat Lawang,2026,18,0
Kabupaten Empat Lawang,2026,19,0
Kabupaten Empat Lawang,2026,20,0
Kabupaten Empat Lawang,2026,21,0
Kabupaten Empat Lawang,2026,22,0
Kabupaten Empat Lawang,2026,23,0
Kabupaten Empat Lawang,2026,24,0
Kabupaten Empat Lawang,2026,25,0
Kabupaten Empat Lawang,2026,26,0
Kabupaten Empat Lawang,2026,27,0
Kabupaten Empat Lawang,2026,28,0
Kabupaten Empat Lawang,2026,29,0
Kabupaten Empat Lawang,2026,30,0
Kabupaten Empat Lawang,2026,31,0
Kabupaten Empat Lawang,2026,32,0
Kabupaten Empat Lawang,2026,33,0
Kabupaten Empat Lawang,2026,34,0
Kabupaten Empat Lawang,2026,35,0
Kabupaten Empat Lawang,2026,36,0
Kabupaten Empat Lawang,2026,37,0
Kabupaten Empat Lawang,2026,38,0
Kabupaten Empat Lawang,2026,39,0
Kabupaten Lahat,2021,1,0
Kabupaten Lahat,2021,2,0
Kabupaten Lahat,2021,3,0
Kabupaten Lahat,2021,4,0
Kabupaten Lahat,2021,5,0
Kabupaten Lahat,2021,6,0
Kabupaten Lahat,2021,7,0
Kabupaten Lahat,2021,8,0
Kabupaten Lahat,2021,9,0
Kabupaten Lahat,2021,10,0
Kabupaten Lahat,2021,11,0
Kabupaten Lahat,2021,12,0
Kabupaten Lahat,2021,13,0
Kabupaten Lahat,2021,14,0
Kabupaten Lahat,2021,15,0
Kabupaten Lahat,2021,16,0
Kabupaten Lahat,2021,17,0
Kabupaten Lahat,2021,18,0
Kabupaten Lahat,2021,19,0
Kabupaten Lahat,2021,20,0
Kabupaten Lahat,2021,21,0
Kabupaten Lahat,2021,22,0
Kabupaten Lahat,2021,23,0
Kabupaten Lahat,2021,24,0
Kabupaten Lahat,2021,25,0
Kabupaten Lahat,2021,26,0
Kabupaten Lahat,2021,27,6
Kabupaten Lahat,2021,28,0
Kabupaten Lahat,2021,29,0
Kabupaten Lahat,2021,30,0
Kabupaten Lahat,2021,31,0
Kabupaten Lahat,2021,32,0
Kabupaten Lahat,2021,33,0
Kabupaten Lahat,2021,34,0
Kabupaten Lahat,2021,35,0
Kabupaten Lahat,2021,36,0
Kabupaten Lahat,2021,37,0
Kabupaten Lahat,2021,38,0
Kabupaten Lahat,2021,39,0
Kabupaten Lahat,2021,40,0
Kabupaten Lahat,2021,41,0
Kabupaten Lahat,2021,42,0
Kabupaten Lahat,2021,43,0
Kabupaten Lahat,2021,44,0
Kabupaten Lahat,2021,45,0
Kabupaten Lahat,2021,46,1
Kabupaten Lahat,2021,47,0
Kabupaten Lahat,2021,48,0
Kabupaten Lahat,2021,49,0
Kabupaten Lahat,2021,50,0
Kabupaten Lahat,2021,51,0
Kabupaten Lahat,2021,52,0
Kabupaten Lahat,2022,1,0
Kabupaten Lahat,2022,2,0
Kabupaten Lahat,2022,3,0
Kabupaten Lahat,2022,4,0
Kabupaten Lahat,2022,5,0
Kabupaten Lahat,2022,6,0
Kabupaten Lahat,2022,7,0
Kabupaten Lahat,2022,8,0
Kabupaten Lahat,2022,9,0
Kabupaten Lahat,2022,10,0
Kabupaten Lahat,2022,11,0
Kabupaten Lahat,2022,12,5
Kabupaten Lahat,2022,13,0
Kabupaten Lahat,2022,14,0
Kabupaten Lahat,2022,15,0
Kabupaten Lahat,2022,16,0
Kabupaten Lahat,2022,17,0
Kabupaten Lahat,2022,18,0
Kabupaten Lahat,2022,19,0
Kabupaten Lahat,2022,20,0
Kabupaten Lahat,2022,21,0
Kabupaten Lahat,2022,22,0
Kabupaten Lahat,2022,23,0
Kabupaten Lahat,2022,24,0
Kabupaten Lahat,2022,25,1
Kabupaten Lahat,2022,26,0
Kabupaten Lahat,2022,27,0
Kabupaten Lahat,2022,28,0
Kabupaten Lahat,2022,29,0
Kabupaten Lahat,2022,30,0
Kabupaten Lahat,2022,31,1
Kabupaten Lahat,2022,32,0
Kabupaten Lahat,2022,33,0
Kabupaten Lahat,2022,34,0
Kabupaten Lahat,2022,35,0
Kabupaten Lahat,2022,36,0
Kabupaten Lahat,2022,37,1
Kabupaten Lahat,2022,38,0
Kabupaten Lahat,2022,39,1
Kabupaten Lahat,2022,40,0
Kabupaten Lahat,2022,41,0
Kabupaten Lahat,2022,42,0
Kabupaten Lahat,2022,43,0
Kabupaten Lahat,2022,44,0
Kabupaten Lahat,2022,45,0
Kabupaten Lahat,2022,46,0
Kabupaten Lahat,2022,47,0
Kabupaten Lahat,2022,48,0
Kabupaten Lahat,2022,49,0
Kabupaten Lahat,2022,50,0
Kabupaten Lahat,2022,51,0
Kabupaten Lahat,2022,52,0
Kabupaten Lahat,2023,1,0
Kabupaten Lahat,2023,2,0
Kabupaten Lahat,2023,3,0
Kabupaten Lahat,2023,4,0
Kabupaten Lahat,2023,5,0
Kabupaten Lahat,2023,6,0
Kabupaten Lahat,2023,7,0
Kabupaten Lahat,2023,8,0
Kabupaten Lahat,2023,9,0
Kabupaten Lahat,2023,10,0
Kabupaten Lahat,2023,11,0
Kabupaten Lahat,2023,12,0
Kabupaten Lahat,2023,13,0
Kabupaten Lahat,2023,14,0
Kabupaten Lahat,2023,15,0
Kabupaten Lahat,2023,16,0
Kabupaten Lahat,2023,17,0
Kabupaten Lahat,2023,18,0
Kabupaten Lahat,2023,19,0
Kabupaten Lahat,2023,20,0
Kabupaten Lahat,2023,21,0
Kabupaten Lahat,2023,22,0
Kabupaten Lahat,2023,23,0
Kabupaten Lahat,2023,24,0
Kabupaten Lahat,2023,25,0
Kabupaten Lahat,2023,26,0
Kabupaten Lahat,2023,27,0
Kabupaten Lahat,2023,28,0
Kabupaten Lahat,2023,29,0
Kabupaten Lahat,2023,30,0
Kabupaten Lahat,2023,31,0
Kabupaten Lahat,2023,32,0
Kabupaten Lahat,2023,33,0
Kabupaten Lahat,2023,34,0
Kabupaten Lahat,2023,35,0
Kabupaten Lahat,2023,36,0
Kabupaten Lahat,2023,37,0
Kabupaten Lahat,2023,38,0
Kabupaten Lahat,2023,39,0
Kabupaten Lahat,2023,40,0
Kabupaten Lahat,2023,41,0
Kabupaten Lahat,2023,42,0
Kabupaten Lahat,2023,43,0
Kabupaten Lahat,2023,44,0
Kabupaten Lahat,2023,45,0
Kabupaten Lahat,2023,46,0
Kabupaten Lahat,2023,47,0
Kabupaten Lahat,2023,48,0
Kabupaten Lahat,2023,49,2
Kabupaten Lahat,2023,50,0
Kabupaten Lahat,2023,51,0
Kabupaten Lahat,2023,52,0
Kabupaten Lahat,2024,1,0
Kabupaten Lahat,2024,2,0
Kabupaten Lahat,2024,3,0
Kabupaten Lahat,2024,4,0
Kabupaten Lahat,2024,5,0
Kabupaten Lahat,2024,6,0
Kabupaten Lahat,2024,7,0
Kabupaten Lahat,2024,8,0
Kabupaten Lahat,2024,9,0
Kabupaten Lahat,2024,10,0
Kabupaten Lahat,2024,11,0
Kabupaten Lahat,2024,12,0
Kabupaten Lahat,2024,13,0
Kabupaten Lahat,2024,14,0
Kabupaten Lahat,2024,15,0
Kabupaten Lahat,2024,16,0
Kabupaten Lahat,2024,17,0
Kabupaten Lahat,2024,18,0
Kabupaten Lahat,2024,19,0
Kabupaten Lahat,2024,20,0
Kabupaten Lahat,2024,21,0
Kabupaten Lahat,2024,22,0
Kabupaten Lahat,2024,23,0
Kabupaten Lahat,2024,24,0
Kabupaten Lahat,2024,25,0
Kabupaten Lahat,2024,26,0
Kabupaten Lahat,2024,27,0
Kabupaten Lahat,2024,28,0
Kabupaten Lahat,2024,29,0
Kabupaten Lahat,2024,30,0
Kabupaten Lahat,2024,31,0
Kabupaten Lahat,2024,32,0
Kabupaten Lahat,2024,33,0
Kabupaten Lahat,2024,34,0
Kabupaten Lahat,2024,35,0
Kabupaten Lahat,2024,36,0
Kabupaten Lahat,2024,37,0
Kabupaten Lahat,2024,38,0
Kabupaten Lahat,2024,39,0
Kabupaten Lahat,2024,40,0
Kabupaten Lahat,2024,41,0
Kabupaten Lahat,2024,42,0
Kabupaten Lahat,2024,43,0
Kabupaten Lahat,2024,44,0
Kabupaten Lahat,2024,45,0
Kabupaten Lahat,2024,46,0
Kabupaten Lahat,2024,47,0
Kabupaten Lahat,2024,48,0
Kabupaten Lahat,2024,49,0
Kabupaten Lahat,2024,50,0
Kabupaten Lahat,2024,51,0
Kabupaten Lahat,2024,52,0
Kabupaten Lahat,2025,1,0
Kabupaten Lahat,2025,2,0
Kabupaten Lahat,2025,3,0
Kabupaten Lahat,2025,4,0
Kabupaten Lahat,2025,5,0
Kabupaten Lahat,2025,6,0
Kabupaten Lahat,2025,7,0
Kabupaten Lahat,2025,8,0
Kabupaten Lahat,2025,9,0
Kabupaten Lahat,2025,10,0
Kabupaten Lahat,2025,11,0
Kabupaten Lahat,2025,12,0
Kabupaten Lahat,2025,13,0
Kabupaten Lahat,2025,14,0
Kabupaten Lahat,2025,15,0
Kabupaten Lahat,2025,16,0
Kabupaten Lahat,2025,17,0
Kabupaten Lahat,2025,18,0
Kabupaten Lahat,2025,19,0
Kabupaten Lahat,2025,20,0
Kabupaten Lahat,2025,21,0
Kabupaten Lahat,2025,22,0
Kabupaten Lahat,2025,23,0
Kabupaten Lahat,2025,24,0
Kabupaten Lahat,2025,25,0
Kabupaten Lahat,2025,26,0
Kabupaten Lahat,2025,27,0
Kabupaten Lahat,2025,28,0
Kabupaten Lahat,2025,29,0
Kabupaten Lahat,2025,30,0
Kabupaten Lahat,2025,31,0
Kabupaten Lahat,2025,32,0
Kabupaten Lahat,2025,33,0
Kabupaten Lahat,2025,34,0
Kabupaten Lahat,2025,35,0
Kabupaten Lahat,2025,36,0
Kabupaten Lahat,2025,37,0
Kabupaten Lahat,2025,38,0
Kabupaten Lahat,2025,39,0
Kabupaten Lahat,2025,40,0
Kabupaten Lahat,2025,41,0
Kabupaten Lahat,2025,42,0
Kabupaten Lahat,2025,43,0
Kabupaten Lahat,2025,44,0
Kabupaten Lahat,2025,45,0
Kabupaten Lahat,2025,46,0
Kabupaten Lahat,2025,47,0
Kabupaten Lahat,2025,48,0
Kabupaten Lahat,2025,49,0
Kabupaten Lahat,2025,50,0
Kabupaten Lahat,2025,51,0
Kabupaten Lahat,2025,52,0
Kabupaten Lahat,2026,1,0
Kabupaten Lahat,2026,2,0
Kabupaten Lahat,2026,3,0
Kabupaten Lahat,2026,4,0
Kabupaten Lahat,2026,5,0
Kabupaten Lahat,2026,6,0
Kabupaten Lahat,2026,7,0
Kabupaten Lahat,2026,8,0
Kabupaten Lahat,2026,9,0
Kabupaten Lahat,2026,10,0
Kabupaten Lahat,2026,11,0
Kabupaten Lahat,2026,12,0
Kabupaten Lahat,2026,13,0
Kabupaten Lahat,2026,14,0
Kabupaten Lahat,2026,15,0
Kabupaten Lahat,2026,16,0
Kabupaten Lahat,2026,17,0
Kabupaten Lahat,2026,18,0
Kabupaten Lahat,2026,19,0
Kabupaten Lahat,2026,20,0
Kabupaten Lahat,2026,21,0
Kabupaten Lahat,2026,22,0
Kabupaten Lahat,2026,23,0
Kabupaten Lahat,2026,24,0
Kabupaten Lahat,2026,25,0
Kabupaten Lahat,2026,26,0
Kabupaten Lahat,2026,27,0
Kabupaten Lahat,2026,28,0
Kabupaten Lahat,2026,29,0
Kabupaten Lahat,2026,30,0
Kabupaten Lahat,2026,31,0
Kabupaten Lahat,2026,32,0
Kabupaten Lahat,2026,33,0
Kabupaten Lahat,2026,34,0
Kabupaten Lahat,2026,35,0
Kabupaten Lahat,2026,36,0
Kabupaten Lahat,2026,37,0
Kabupaten Lahat,2026,38,0
Kabupaten Lahat,2026,39,0
Kabupaten Muara Enim,2021,1,0
Kabupaten Muara Enim,2021,2,0
Kabupaten Muara Enim,2021,3,0
Kabupaten Muara Enim,2021,4,0
Kabupaten Muara Enim,2021,5,0
Kabupaten Muara Enim,2021,6,0
Kabupaten Muara Enim,2021,7,1
Kabupaten Muara Enim,2021,8,0
Kabupaten Muara Enim,2021,9,0
Kabupaten Muara Enim,2021,10,0
Kabupaten Muara Enim,2021,11,0
Kabupaten Muara Enim,2021,12,0
Kabupaten Muara Enim,2021,13,0
Kabupaten Muara Enim,2021,14,0
Kabupaten Muara Enim,2021,15,0
Kabupaten Muara Enim,2021,16,0
Kabupaten Muara Enim,2021,17,0
Kabupaten Muara Enim,2021,18,0
Kabupaten Muara Enim,2021,19,0
Kabupaten Muara Enim,2021,20,0
Kabupaten Muara Enim,2021,21,0
Kabupaten Muara Enim,2021,22,0
Kabupaten Muara Enim,2021,23,0
Kabupaten Muara Enim,2021,24,1
Kabupaten Muara Enim,2021,25,0
Kabupaten Muara Enim,2021,26,0
Kabupaten Muara Enim,2021,27,0
Kabupaten Muara Enim,2021,28,0
Kabupaten Muara Enim,2021,29,15
Kabupaten Muara Enim,2021,30,0
Kabupaten Muara Enim,2021,31,0
Kabupaten Muara Enim,2021,32,0
Kabupaten Muara Enim,2021,33,0
Kabupaten Muara Enim,2021,34,0
Kabupaten Muara Enim,2021,35,0
Kabupaten Muara Enim,2021,36,0
Kabupaten Muara Enim,2021,37,0
Kabupaten Muara Enim,2021,38,0
Kabupaten Muara Enim,2021,39,0
Kabupaten Muara Enim,2021,40,0
Kabupaten Muara Enim,2021,41,0
Kabupaten Muara Enim,2021,42,0
Kabupaten Muara Enim,2021,43,0
Kabupaten Muara Enim,2021,44,0
Kabupaten Muara Enim,2021,45,0
Kabupaten Muara Enim,2021,46,0
Kabupaten Muara Enim,2021,47,0
Kabupaten Muara Enim,2021,48,0
Kabupaten Muara Enim,2021,49,0
Kabupaten Muara Enim,2021,50,0
Kabupaten Muara Enim,2021,51,0
Kabupaten Muara Enim,2021,52,0
Kabupaten Muara Enim,2022,1,0
Kabupaten Muara Enim,2022,2,0
Kabupaten Muara Enim,2022,3,0
Kabupaten Muara Enim,2022,4,1
Kabupaten Muara Enim,2022,5,0
Kabupaten Muara Enim,2022,6,0
Kabupaten Muara Enim,2022,7,0
Kabupaten Muara Enim,2022,8,0
Kabupaten Muara Enim,2022,9,0
Kabupaten Muara Enim,2022,10,0
Kabupaten Muara Enim,2022,11,0
Kabupaten Muara Enim,2022,12,0
Kabupaten Muara Enim,2022,13,0
Kabupaten Muara Enim,2022,14,0
Kabupaten Muara Enim,2022,15,0
Kabupaten Muara Enim,2022,16,0
Kabupaten Muara Enim,2022,17,0
Kabupaten Muara Enim,2022,18,0
Kabupaten Muara Enim,2022,19,0
Kabupaten Muara Enim,2022,20,0
Kabupaten Muara Enim,2022,21,0
Kabupaten Muara Enim,2022,22,3
Kabupaten Muara Enim,2022,23,3
Kabupaten Muara Enim,2022,24,0
Kabupaten Muara Enim,2022,25,59
Kabupaten Muara Enim,2022,26,2
Kabupaten Muara Enim,2022,27,0
Kabupaten Muara Enim,2022,28,1
Kabupaten Muara Enim,2022,29,1
Kabupaten Muara Enim,2022,30,0
Kabupaten Muara Enim,2022,31,0
Kabupaten Muara Enim,2022,32,0
Kabupaten Muara Enim,2022,33,0
Kabupaten Muara Enim,2022,34,0
Kabupaten Muara Enim,2022,35,0
Kabupaten Muara Enim,2022,36,0
Kabupaten Muara Enim,2022,37,0
Kabupaten Muara Enim,2022,38,0
Kabupaten Muara Enim,2022,39,0
Kabupaten Muara Enim,2022,40,0
Kabupaten Muara Enim,2022,41,0
Kabupaten Muara Enim,2022,42,0
Kabupaten Muara Enim,2022,43,0
Kabupaten Muara Enim,2022,44,0
Kabupaten Muara Enim,2022,45,0
Kabupaten Muara Enim,2022,46,0
Kabupaten Muara Enim,2022,47,1
Kabupaten Muara Enim,2022,48,0
Kabupaten Muara Enim,2022,49,0
Kabupaten Muara Enim,2022,50,0
Kabupaten Muara Enim,2022,51,0
Kabupaten Muara Enim,2022,52,0
Kabupaten Muara Enim,2023,1,0
Kabupaten Muara Enim,2023,2,0
Kabupaten Muara Enim,2023,3,0
Kabupaten Muara Enim,2023,4,0
Kabupaten Muara Enim,2023,5,0
Kabupaten Muara Enim,2023,6,0
Kabupaten Muara Enim,2023,7,0
Kabupaten Muara Enim,2023,8,0
Kabupaten Muara Enim,2023,9,0
Kabupaten Muara Enim,2023,10,0
Kabupaten Muara Enim,2023,11,0
Kabupaten Muara Enim,2023,12,0
Kabupaten Muara Enim,2023,13,0
Kabupaten Muara Enim,2023,14,0
Kabupaten Muara Enim,2023,15,0
Kabupaten Muara Enim,2023,16,0
Kabupaten Muara Enim,2023,17,0
Kabupaten Muara Enim,2023,18,0
Kabupaten Muara Enim,2023,19,0
Kabupaten Muara Enim,2023,20,0
Kabupaten Muara Enim,2023,21,0
Kabupaten Muara Enim,2023,22,0
Kabupaten Muara Enim,2023,23,0
Kabupaten Muara Enim,2023,24,0
Kabupaten Muara Enim,2023,25,0
Kabupaten Muara Enim,2023,26,0
Kabupaten Muara Enim,2023,27,0
Kabupaten Muara Enim,2023,28,0
Kabupaten Muara Enim,2023,29,0
Kabupaten Muara Enim,2023,30,0
Kabupaten Muara Enim,2023,31,0
Kabupaten Muara Enim,2023,32,0
Kabupaten Muara Enim,2023,33,0
Kabupaten Muara Enim,2023,34,0
Kabupaten Muara Enim,2023,35,0
Kabupaten Muara Enim,2023,36,0
Kabupaten Muara Enim,2023,37,0
Kabupaten Muara Enim,2023,38,0
Kabupaten Muara Enim,2023,39,0
Kabupaten Muara Enim,2023,40,0
Kabupaten Muara Enim,2023,41,0
Kabupaten Muara Enim,2023,42,0
Kabupaten Muara Enim,2023,43,0
Kabupaten Muara Enim,2023,44,0
Kabupaten Muara Enim,2023,45,0
Kabupaten Muara Enim,2023,46,0
Kabupaten Muara Enim,2023,47,0
Kabupaten Muara Enim,2023,48,0
Kabupaten Muara Enim,2023,49,0
Kabupaten Muara Enim,2023,50,0
Kabupaten Muara Enim,2023,51,0
Kabupaten Muara Enim,2023,52,0
Kabupaten Muara Enim,2024,1,0
Kabupaten Muara Enim,2024,2,1
Kabupaten Muara Enim,2024,3,0
Kabupaten Muara Enim,2024,4,0
Kabupaten Muara Enim,2024,5,0
Kabupaten Muara Enim,2024,6,0
Kabupaten Muara Enim,2024,7,1
Kabupaten Muara Enim,2024,8,0
Kabupaten Muara Enim,2024,9,0
Kabupaten Muara Enim,2024,10,0
Kabupaten Muara Enim,2024,11,0
Kabupaten Muara Enim,2024,12,0
Kabupaten Muara Enim,2024,13,0
Kabupaten Muara Enim,2024,14,1
Kabupaten Muara Enim,2024,15,0
Kabupaten Muara Enim,2024,16,0
Kabupaten Muara Enim,2024,17,0
Kabupaten Muara Enim,2024,18,0
Kabupaten Muara Enim,2024,19,0
Kabupaten Muara Enim,2024,20,0
Kabupaten Muara Enim,2024,21,0
Kabupaten Muara Enim,2024,22,0
Kabupaten Muara Enim,2024,23,0
Kabupaten Muara Enim,2024,24,0
Kabupaten Muara Enim,2024,25,0
Kabupaten Muara Enim,2024,26,0
Kabupaten Muara Enim,2024,27,0
Kabupaten Muara Enim,2024,28,0
Kabupaten Muara Enim,2024,29,0
Kabupaten Muara Enim,2024,30,0
Kabupaten Muara Enim,2024,31,0
Kabupaten Muara Enim,2024,32,0
Kabupaten Muara Enim,2024,33,0
Kabupaten Muara Enim,2024,34,0
Kabupaten Muara Enim,2024,35,0
Kabupaten Muara Enim,2024,36,0
Kabupaten Muara Enim,2024,37,0
Kabupaten Muara Enim,2024,38,0
Kabupaten Muara Enim,2024,39,0
Kabupaten Muara Enim,2024,40,0
Kabupaten Muara Enim,2024,41,1
Kabupaten Muara Enim,2024,42,0
Kabupaten Muara Enim,2024,43,0
Kabupaten Muara Enim,2024,44,0
Kabupaten Muara Enim,2024,45,0
Kabupaten Muara Enim,2024,46,0
Kabupaten Muara Enim,2024,47,0
Kabupaten Muara Enim,2024,48,0
Kabupaten Muara Enim,2024,49,0
Kabupaten Muara Enim,2024,50,0
Kabupaten Muara Enim,2024,51,1
Kabupaten Muara Enim,2024,52,0
Kabupaten Muara Enim,2025,1,0
Kabupaten Muara Enim,2025,2,0
Kabupaten Muara Enim,2025,3,0
Kabupaten Muara Enim,2025,4,0
Kabupaten Muara Enim,2025,5,1
Kabupaten Muara Enim,2025,6,0
Kabupaten Muara Enim,2025,7,0
Kabupaten Muara Enim,2025,8,0
Kabupaten Muara Enim,2025,9,0
Kabupaten Muara Enim,2025,10,0
Kabupaten Muara Enim,2025,11,0
Kabupaten Muara Enim,2025,12,0
Kabupaten Muara Enim,2025,13,0
Kabupaten Muara Enim,2025,14,0
Kabupaten Muara Enim,2025,15,0
Kabupaten Muara Enim,2025,16,0
Kabupaten Muara Enim,2025,17,0
Kabupaten Muara Enim,2025,18,0
Kabupaten Muara Enim,2025,19,0
Kabupaten Muara Enim,2025,20,0
Kabupaten Muara Enim,2025,21,2
Kabupaten Muara Enim,2025,22,0
Kabupaten Muara Enim,2025,23,0
Kabupaten Muara Enim,2025,24,0
Kabupaten Muara Enim,2025,25,0
Kabupaten Muara Enim,2025,26,0
Kabupaten Muara Enim,2025,27,0
Kabupaten Muara Enim,2025,28,0
Kabupaten Muara Enim,2025,29,0
Kabupaten Muara Enim,2025,30,0
Kabupaten Muara Enim,2025,31,0
Kabupaten Muara Enim,2025,32,0
Kabupaten Muara Enim,2025,33,0
Kabupaten Muara Enim,2025,34,0
Kabupaten Muara Enim,2025,35,0
Kabupaten Muara Enim,2025,36,0
Kabupaten Muara Enim,2025,37,0
Kabupaten Muara Enim,2025,38,0
Kabupaten Muara Enim,2025,39,0
Kabupaten Muara Enim,2025,40,0
Kabupaten Muara Enim,2025,41,0
Kabupaten Muara Enim,2025,42,0
Kabupaten Muara Enim,2025,43,0
Kabupaten Muara Enim,2025,44,0
Kabupaten Muara Enim,2025,45,0
Kabupaten Muara Enim,2025,46,0
Kabupaten Muara Enim,2025,47,1
Kabupaten Muara Enim,2025,48,0
Kabupaten Muara Enim,2025,49,1
Kabupaten Muara Enim,2025,50,3
Kabupaten Muara Enim,2025,51,5
Kabupaten Muara Enim,2025,52,0
Kabupaten Muara Enim,2026,1,0
Kabupaten Muara Enim,2026,2,0
Kabupaten Muara Enim,2026,3,0
Kabupaten Muara Enim,2026,4,1
Kabupaten Muara Enim,2026,5,0
Kabupaten Muara Enim,2026,6,0
Kabupaten Muara Enim,2026,7,0
Kabupaten Muara Enim,2026,8,1
Kabupaten Muara Enim,2026,9,4
Kabupaten Muara Enim,2026,10,0
Kabupaten Muara Enim,2026,11,0
Kabupaten Muara Enim,2026,12,1
Kabupaten Muara Enim,2026,13,2
Kabupaten Muara Enim,2026,14,0
Kabupaten Muara Enim,2026,15,6
Kabupaten Muara Enim,2026,16,0
Kabupaten Muara Enim,2026,17,1
Kabupaten Muara Enim,2026,18,0
Kabupaten Muara Enim,2026,19,1
Kabupaten Muara Enim,2026,20,0
Kabupaten Muara Enim,2026,21,0
Kabupaten Muara Enim,2026,22,0
Kabupaten Muara Enim,2026,23,0
Kabupaten Muara Enim,2026,24,0
Kabupaten Muara Enim,2026,25,1
Kabupaten Muara Enim,2026,26,0
Kabupaten Muara Enim,2026,27,0
Kabupaten Muara Enim,2026,28,0
Kabupaten Muara Enim,2026,29,0
Kabupaten Muara Enim,2026,30,0
Kabupaten Muara Enim,2026,31,0
Kabupaten Muara Enim,2026,32,0
Kabupaten Muara Enim,2026,33,0
Kabupaten Muara Enim,2026,34,0
Kabupaten Muara Enim,2026,35,1
Kabupaten Muara Enim,2026,36,0
Kabupaten Muara Enim,2026,37,0
Kabupaten Muara Enim,2026,38,0
Kabupaten Muara Enim,2026,39,0
Kabupaten Muba,2021,1,0
Kabupaten Muba,2021,2,0
Kabupaten Muba,2021,3,0
Kabupaten Muba,2021,4,0
Kabupaten Muba,2021,5,0
Kabupaten Muba,2021,6,0
Kabupaten Muba,2021,7,0
Kabupaten Muba,2021,8,0
Kabupaten Muba,2021,9,0
Kabupaten Muba,2021,10,0
Kabupaten Muba,2021,11,0
Kabupaten Muba,2021,12,0
Kabupaten Muba,2021,13,0
Kabupaten Muba,2021,14,0
Kabupaten Muba,2021,15,0
Kabupaten Muba,2021,16,0
Kabupaten Muba,2021,17,0
Kabupaten Muba,2021,18,0
Kabupaten Muba,2021,19,20
Kabupaten Muba,2021,20,0
Kabupaten Muba,2021,21,2
Kabupaten Muba,2021,22,0
Kabupaten Muba,2021,23,0
Kabupaten Muba,2021,24,0
Kabupaten Muba,2021,25,0
Kabupaten Muba,2021,26,0
Kabupaten Muba,2021,27,0
Kabupaten Muba,2021,28,0
Kabupaten Muba,2021,29,0
Kabupaten Muba,2021,30,0
Kabupaten Muba,2021,31,0
Kabupaten Muba,2021,32,0
Kabupaten Muba,2021,33,0
Kabupaten Muba,2021,34,0
Kabupaten Muba,2021,35,0
Kabupaten Muba,2021,36,0
Kabupaten Muba,2021,37,0
Kabupaten Muba,2021,38,0
Kabupaten Muba,2021,39,0
Kabupaten Muba,2021,40,0
Kabupaten Muba,2021,41,0
Kabupaten Muba,2021,42,0
Kabupaten Muba,2021,43,0
Kabupaten Muba,2021,44,0
Kabupaten Muba,2021,45,0
Kabupaten Muba,2021,46,0
Kabupaten Muba,2021,47,0
Kabupaten Muba,2021,48,0
Kabupaten Muba,2021,49,0
Kabupaten Muba,2021,50,0
Kabupaten Muba,2021,51,0
Kabupaten Muba,2021,52,0
Kabupaten Muba,2022,1,0
Kabupaten Muba,2022,2,0
Kabupaten Muba,2022,3,0
Kabupaten Muba,2022,4,0
Kabupaten Muba,2022,5,0
Kabupaten Muba,2022,6,0
Kabupaten Muba,2022,7,0
Kabupaten Muba,2022,8,0
Kabupaten Muba,2022,9,0
Kabupaten Muba,2022,10,0
Kabupaten Muba,2022,11,0
Kabupaten Muba,2022,12,0
Kabupaten Muba,2022,13,0
Kabupaten Muba,2022,14,0
Kabupaten Muba,2022,15,0
Kabupaten Muba,2022,16,0
Kabupaten Muba,2022,17,0
Kabupaten Muba,2022,18,0
Kabupaten Muba,2022,19,0
Kabupaten Muba,2022,20,0
Kabupaten Muba,2022,21,0
Kabupaten Muba,2022,22,0
Kabupaten Muba,2022,23,0
Kabupaten Muba,2022,24,0
Kabupaten Muba,2022,25,0
Kabupaten Muba,2022,26,1
Kabupaten Muba,2022,27,0
Kabupaten Muba,2022,28,0
Kabupaten Muba,2022,29,0
Kabupaten Muba,2022,30,0
Kabupaten Muba,2022,31,0
Kabupaten Muba,2022,32,0
Kabupaten Muba,2022,33,0
Kabupaten Muba,2022,34,0
Kabupaten Muba,2022,35,0
Kabupaten Muba,2022,36,0
Kabupaten Muba,2022,37,0
Kabupaten Muba,2022,38,0
Kabupaten Muba,2022,39,0
Kabupaten Muba,2022,40,0
Kabupaten Muba,2022,41,0
Kabupaten Muba,2022,42,0
Kabupaten Muba,2022,43,0
Kabupaten Muba,2022,44,0
Kabupaten Muba,2022,45,0
Kabupaten Muba,2022,46,0
Kabupaten Muba,2022,47,0
Kabupaten Muba,2022,48,0
Kabupaten Muba,2022,49,0
Kabupaten Muba,2022,50,0
Kabupaten Muba,2022,51,0
Kabupaten Muba,2022,52,0
Kabupaten Muba,2023,1,0
Kabupaten Muba,2023,2,0
Kabupaten Muba,2023,3,1
Kabupaten Muba,2023,4,0
Kabupaten Muba,2023,5,1
Kabupaten Muba,2023,6,1
Kabupaten Muba,2023,7,0
Kabupaten Muba,2023,8,0
Kabupaten Muba,2023,9,0
Kabupaten Muba,2023,10,0
Kabupaten Muba,2023,11,0
Kabupaten Muba,2023,12,0
Kabupaten Muba,2023,13,0
Kabupaten Muba,2023,14,0
Kabupaten Muba,2023,15,0
Kabupaten Muba,2023,16,0
Kabupaten Muba,2023,17,0
Kabupaten Muba,2023,18,1
Kabupaten Muba,2023,19,0
Kabupaten Muba,2023,20,0
Kabupaten Muba,2023,21,0
Kabupaten Muba,2023,22,0
Kabupaten Muba,2023,23,0
Kabupaten Muba,2023,24,1
Kabupaten Muba,2023,25,0
Kabupaten Muba,2023,26,1
Kabupaten Muba,2023,27,0
Kabupaten Muba,2023,28,0
Kabupaten Muba,2023,29,0
Kabupaten Muba,2023,30,0
Kabupaten Muba,2023,31,0
Kabupaten Muba,2023,32,0
Kabupaten Muba,2023,33,0
Kabupaten Muba,2023,34,0
Kabupaten Muba,2023,35,0
Kabupaten Muba,2023,36,0
Kabupaten Muba,2023,37,0
Kabupaten Muba,2023,38,0
Kabupaten Muba,2023,39,0
Kabupaten Muba,2023,40,0
Kabupaten Muba,2023,41,0
Kabupaten Muba,2023,42,0
Kabupaten Muba,2023,43,0
Kabupaten Muba,2023,44,0
Kabupaten Muba,2023,45,0
Kabupaten Muba,2023,46,0
Kabupaten Muba,2023,47,0
Kabupaten Muba,2023,48,0
Kabupaten Muba,2023,49,0
Kabupaten Muba,2023,50,0
Kabupaten Muba,2023,51,0
Kabupaten Muba,2023,52,0
Kabupaten Muba,2024,1,0
Kabupaten Muba,2024,2,3
Kabupaten Muba,2024,3,0
Kabupaten Muba,2024,4,1
Kabupaten Muba,2024,5,1
Kabupaten Muba,2024,6,0
Kabupaten Muba,2024,7,0
Kabupaten Muba,2024,8,1
Kabupaten Muba,2024,9,0
Kabupaten Muba,2024,10,1
Kabupaten Muba,2024,11,0
Kabupaten Muba,2024,12,0
Kabupaten Muba,2024,13,0
Kabupaten Muba,2024,14,0
Kabupaten Muba,2024,15,0
Kabupaten Muba,2024,16,0
Kabupaten Muba,2024,17,0
Kabupaten Muba,2024,18,0
Kabupaten Muba,2024,19,0
Kabupaten Muba,2024,20,0
Kabupaten Muba,2024,21,1
Kabupaten Muba,2024,22,0
Kabupaten Muba,2024,23,1
Kabupaten Muba,2024,24,0
Kabupaten Muba,2024,25,0
Kabupaten Muba,2024,26,0
Kabupaten Muba,2024,27,0
Kabupaten Muba,2024,28,0
Kabupaten Muba,2024,29,0
Kabupaten Muba,2024,30,0
Kabupaten Muba,2024,31,0
Kabupaten Muba,2024,32,0
Kabupaten Muba,2024,33,1
Kabupaten Muba,2024,34,0
Kabupaten Muba,2024,35,0
Kabupaten Muba,2024,36,0
Kabupaten Muba,2024,37,0
Kabupaten Muba,2024,38,0
Kabupaten Muba,2024,39,0
Kabupaten Muba,2024,40,0
Kabupaten Muba,2024,41,0
Kabupaten Muba,2024,42,0
Kabupaten Muba,2024,43,0
Kabupaten Muba,2024,44,0
Kabupaten Muba,2024,45,0
Kabupaten Muba,2024,46,0
Kabupaten Muba,2024,47,0
Kabupaten Muba,2024,48,0
Kabupaten Muba,2024,49,0
Kabupaten Muba,2024,50,0
Kabupaten Muba,2024,51,0
Kabupaten Muba,2024,52,0
Kabupaten Muba,2025,1,0
Kabupaten Muba,2025,2,1
Kabupaten Muba,2025,3,0
Kabupaten Muba,2025,4,0
Kabupaten Muba,2025,5,0
Kabupaten Muba,2025,6,0
Kabupaten Muba,2025,7,0
Kabupaten Muba,2025,8,0
Kabupaten Muba,2025,9,0
Kabupaten Muba,2025,10,0
Kabupaten Muba,2025,11,0
Kabupaten Muba,2025,12,0
Kabupaten Muba,2025,13,0
Kabupaten Muba,2025,14,0
Kabupaten Muba,2025,15,0
Kabupaten Muba,2025,16,0
Kabupaten Muba,2025,17,0
Kabupaten Muba,2025,18,0
Kabupaten Muba,2025,19,0
Kabupaten Muba,2025,20,0
Kabupaten Muba,2025,21,0
Kabupaten Muba,2025,22,0
Kabupaten Muba,2025,23,0
Kabupaten Muba,2025,24,0
Kabupaten Muba,2025,25,0
Kabupaten Muba,2025,26,0
Kabupaten Muba,2025,27,1
Kabupaten Muba,2025,28,0
Kabupaten Muba,2025,29,0
Kabupaten Muba,2025,30,0
Kabupaten Muba,2025,31,0
Kabupaten Muba,2025,32,0
Kabupaten Muba,2025,33,0
Kabupaten Muba,2025,34,0
Kabupaten Muba,2025,35,0
Kabupaten Muba,2025,36,0
Kabupaten Muba,2025,37,0
Kabupaten Muba,2025,38,0
Kabupaten Muba,2025,39,0
Kabupaten Muba,2025,40,0
Kabupaten Muba,2025,41,0
Kabupaten Muba,2025,42,0
Kabupaten Muba,2025,43,0
Kabupaten Muba,2025,44,0
Kabupaten Muba,2025,45,0
Kabupaten Muba,2025,46,0
Kabupaten Muba,2025,47,0
Kabupaten Muba,2025,48,0
Kabupaten Muba,2025,49,0
Kabupaten Muba,2025,50,0
Kabupaten Muba,2025,51,0
Kabupaten Muba,2025,52,0
Kabupaten Muba,2026,1,0
Kabupaten Muba,2026,2,0
Kabupaten Muba,2026,3,0
Kabupaten Muba,2026,4,0
Kabupaten Muba,2026,5,0
Kabupaten Muba,2026,6,0
Kabupaten Muba,2026,7,0
Kabupaten Muba,2026,8,1
Kabupaten Muba,2026,9,0
Kabupaten Muba,2026,10,0
Kabupaten Muba,2026,11,0
Kabupaten Muba,2026,12,0
Kabupaten Muba,2026,13,0
Kabupaten Muba,2026,14,0
Kabupaten Muba,2026,15,0
Kabupaten Muba,2026,16,0
Kabupaten Muba,2026,17,0
Kabupaten Muba,2026,18,0
Kabupaten Muba,2026,19,0
Kabupaten Muba,2026,20,0
Kabupaten Muba,2026,21,0
Kabupaten Muba,2026,22,0
Kabupaten Muba,2026,23,0
Kabupaten Muba,2026,24,0
Kabupaten Muba,2026,25,1
Kabupaten Muba,2026,26,0
Kabupaten Muba,2026,27,0
Kabupaten Muba,2026,28,0
Kabupaten Muba,2026,29,0
Kabupaten Muba,2026,30,0
Kabupaten Muba,2026,31,0
Kabupaten Muba,2026,32,0
Kabupaten Muba,2026,33,0
Kabupaten Muba,2026,34,0
Kabupaten Muba,2026,35,0
Kabupaten Muba,2026,36,0
Kabupaten Muba,2026,37,1
Kabupaten Muba,2026,38,0
Kabupaten Muba,2026,39,0
Kabupaten Muratara,2021,1,0
Kabupaten Muratara,2021,2,0
Kabupaten Muratara,2021,3,0
Kabupaten Muratara,2021,4,0
Kabupaten Muratara,2021,5,0
Kabupaten Muratara,2021,6,0
Kabupaten Muratara,2021,7,0
Kabupaten Muratara,2021,8,0
Kabupaten Muratara,2021,9,0
Kabupaten Muratara,2021,10,0
Kabupaten Muratara,2021,11,0
Kabupaten Muratara,2021,12,0
Kabupaten Muratara,2021,13,0
Kabupaten Muratara,2021,14,0
Kabupaten Muratara,2021,15,0
Kabupaten Muratara,2021,16,0
Kabupaten Muratara,2021,17,10
Kabupaten Muratara,2021,18,0
Kabupaten Muratara,2021,19,0
Kabupaten Muratara,2021,20,0
Kabupaten Muratara,2021,21,0
Kabupaten Muratara,2021,22,0
Kabupaten Muratara,2021,23,0
Kabupaten Muratara,2021,24,0
Kabupaten Muratara,2021,25,0
Kabupaten Muratara,2021,26,0
Kabupaten Muratara,2021,27,0
Kabupaten Muratara,2021,28,0
Kabupaten Muratara,2021,29,0
Kabupaten Muratara,2021,30,0
Kabupaten Muratara,2021,31,0
Kabupaten Muratara,2021,32,0
Kabupaten Muratara,2021,33,0
Kabupaten Muratara,2021,34,0
Kabupaten Muratara,2021,35,0
Kabupaten Muratara,2021,36,0
Kabupaten Muratara,2021,37,0
Kabupaten Muratara,2021,38,0
Kabupaten Muratara,2021,39,0
Kabupaten Muratara,2021,40,0
Kabupaten Muratara,2021,41,0
Kabupaten Muratara,2021,42,0
Kabupaten Muratara,2021,43,0
Kabupaten Muratara,2021,44,0
Kabupaten Muratara,2021,45,0
Kabupaten Muratara,2021,46,0
Kabupaten Muratara,2021,47,0
Kabupaten Muratara,2021,48,0
Kabupaten Muratara,2021,49,0
Kabupaten Muratara,2021,50,0
Kabupaten Muratara,2021,51,0
Kabupaten Muratara,2021,52,0
Kabupaten Muratara,2022,1,0
Kabupaten Muratara,2022,2,0
Kabupaten Muratara,2022,3,0
Kabupaten Muratara,2022,4,0
Kabupaten Muratara,2022,5,0
Kabupaten Muratara,2022,6,0
Kabupaten Muratara,2022,7,0
Kabupaten Muratara,2022,8,0
Kabupaten Muratara,2022,9,0
Kabupaten Muratara,2022,10,0
Kabupaten Muratara,2022,11,0
Kabupaten Muratara,2022,12,0
Kabupaten Muratara,2022,13,0
Kabupaten Muratara,2022,14,0
Kabupaten Muratara,2022,15,0
Kabupaten Muratara,2022,16,0
Kabupaten Muratara,2022,17,0
Kabupaten Muratara,2022,18,0
Kabupaten Muratara,2022,19,0
Kabupaten Muratara,2022,20,0
Kabupaten Muratara,2022,21,0
Kabupaten Muratara,2022,22,0
Kabupaten Muratara,2022,23,0
Kabupaten Muratara,2022,24,0
Kabupaten Muratara,2022,25,0
Kabupaten Muratara,2022,26,0
Kabupaten Muratara,2022,27,0
Kabupaten Muratara,2022,28,0
Kabupaten Muratara,2022,29,0
Kabupaten Muratara,2022,30,0
Kabupaten Muratara,2022,31,0
Kabupaten Muratara,2022,32,0
Kabupaten Muratara,2022,33,0
Kabupaten Muratara,2022,34,0
Kabupaten Muratara,2022,35,0
Kabupaten Muratara,2022,36,0
Kabupaten Muratara,2022,37,0
Kabupaten Muratara,2022,38,0
Kabupaten Muratara,2022,39,0
Kabupaten Muratara,2022,40,0
Kabupaten Muratara,2022,41,0
Kabupaten Muratara,2022,42,0
Kabupaten Muratara,2022,43,0
Kabupaten Muratara,2022,44,0
Kabupaten Muratara,2022,45,0
Kabupaten Muratara,2022,46,0
Kabupaten Muratara,2022,47,0
Kabupaten Muratara,2022,48,0
Kabupaten Muratara,2022,49,0
Kabupaten Muratara,2022,50,0
Kabupaten Muratara,2022,51,0
Kabupaten Muratara,2022,52,0
Kabupaten Muratara,2023,1,0
Kabupaten Muratara,2023,2,0
Kabupaten Muratara,2023,3,0
Kabupaten Muratara,2023,4,0
Kabupaten Muratara,2023,5,0
Kabupaten Muratara,2023,6,0
Kabupaten Muratara,2023,7,0
Kabupaten Muratara,2023,8,0
Kabupaten Muratara,2023,9,0
Kabupaten Muratara,2023,10,0
Kabupaten Muratara,2023,11,0
Kabupaten Muratara,2023,12,0
Kabupaten Muratara,2023,13,0
Kabupaten Muratara,2023,14,0
Kabupaten Muratara,2023,15,0
Kabupaten Muratara,2023,16,0
Kabupaten Muratara,2023,17,0
Kabupaten Muratara,2023,18,0
Kabupaten Muratara,2023,19,0
Kabupaten Muratara,2023,20,0
Kabupaten Muratara,2023,21,0
Kabupaten Muratara,2023,22,0
Kabupaten Muratara,2023,23,0
Kabupaten Muratara,2023,24,0
Kabupaten Muratara,2023,25,0
Kabupaten Muratara,2023,26,0
Kabupaten Muratara,2023,27,0
Kabupaten Muratara,2023,28,0
Kabupaten Muratara,2023,29,0
Kabupaten Muratara,2023,30,0
Kabupaten Muratara,2023,31,0
Kabupaten Muratara,2023,32,0
Kabupaten Muratara,2023,33,0
Kabupaten Muratara,2023,34,0
Kabupaten Muratara,2023,35,0
Kabupaten Muratara,2023,36,0
Kabupaten Muratara,2023,37,0
Kabupaten Muratara,2023,38,0
Kabupaten Muratara,2023,39,0
Kabupaten Muratara,2023,40,0
Kabupaten Muratara,2023,41,0
Kabupaten Muratara,2023,42,0
Kabupaten Muratara,2023,43,0
Kabupaten Muratara,2023,44,0
Kabupaten Muratara,2023,45,0
Kabupaten Muratara,2023,46,0
Kabupaten Muratara,2023,47,0
Kabupaten Muratara,2023,48,0
Kabupaten Muratara,2023,49,0
Kabupaten Muratara,2023,50,0
Kabupaten Muratara,2023,51,0
Kabupaten Muratara,2023,52,0
Kabupaten Muratara,2024,1,0
Kabupaten Muratara,2024,2,0
Kabupaten Muratara,2024,3,0
Kabupaten Muratara,2024,4,0
Kabupaten Muratara,2024,5,0
Kabupaten Muratara,2024,6,0
Kabupaten Muratara,2024,7,0
Kabupaten Muratara,2024,8,0
Kabupaten Muratara,2024,9,0
Kabupaten Muratara,2024,10,0
Kabupaten Muratara,2024,11,0
Kabupaten Muratara,2024,12,0
Kabupaten Muratara,2024,13,0
Kabupaten Muratara,2024,14,0
Kabupaten Muratara,2024,15,0
Kabupaten Muratara,2024,16,0
Kabupaten Muratara,2024,17,0
Kabupaten Muratara,2024,18,0
Kabupaten Muratara,2024,19,0
Kabupaten Muratara,2024,20,0
Kabupaten Muratara,2024,21,0
Kabupaten Muratara,2024,22,0
Kabupaten Muratara,2024,23,0
Kabupaten Muratara,2024,24,0
Kabupaten Muratara,2024,25,0
Kabupaten Muratara,2024,26,0
Kabupaten Muratara,2024,27,0
Kabupaten Muratara,2024,28,0
Kabupaten Muratara,2024,29,0
Kabupaten Muratara,2024,30,0
Kabupaten Muratara,2024,31,0
Kabupaten Muratara,2024,32,0
Kabupaten Muratara,2024,33,0
Kabupaten Muratara,2024,34,0
Kabupaten Muratara,2024,35,0
Kabupaten Muratara,2024,36,0
Kabupaten Muratara,2024,37,0
Kabupaten Muratara,2024,38,0
Kabupaten Muratara,2024,39,0
Kabupaten Muratara,2024,40,0
Kabupaten Muratara,2024,41,0
Kabupaten Muratara,2024,42,0
Kabupaten Muratara,2024,43,0
Kabupaten Muratara,2024,44,0
Kabupaten Muratara,2024,45,0
Kabupaten Muratara,2024,46,0
Kabupaten Muratara,2024,47,0
Kabupaten Muratara,2024,48,0
Kabupaten Muratara,2024,49,0
Kabupaten Muratara,2024,50,0
Kabupaten Muratara,2024,51,0
Kabupaten Muratara,2024,52,0
Kabupaten Muratara,2025,1,0
Kabupaten Muratara,2025,2,0
Kabupaten Muratara,2025,3,0
Kabupaten Muratara,2025,4,0
Kabupaten Muratara,2025,5,0
Kabupaten Muratara,2025,6,0
Kabupaten Muratara,2025,7,0
Kabupaten Muratara,2025,8,0
Kabupaten Muratara,2025,9,0
Kabupaten Muratara,2025,10,0
Kabupaten Muratara,2025,11,0
Kabupaten Muratara,2025,12,0
Kabupaten Muratara,2025,13,0
Kabupaten Muratara,2025,14,0
Kabupaten Muratara,2025,15,0
Kabupaten Muratara,2025,16,0
Kabupaten Muratara,2025,17,0
Kabupaten Muratara,2025,18,0
Kabupaten Muratara,2025,19,0
Kabupaten Muratara,2025,20,0
Kabupaten Muratara,2025,21,0
Kabupaten Muratara,2025,22,0
Kabupaten Muratara,2025,23,0
Kabupaten Muratara,2025,24,1
Kabupaten Muratara,2025,25,0
Kabupaten Muratara,2025,26,0
Kabupaten Muratara,2025,27,0
Kabupaten Muratara,2025,28,0
Kabupaten Muratara,2025,29,0
Kabupaten Muratara,2025,30,0
Kabupaten Muratara,2025,31,0
Kabupaten Muratara,2025,32,0
Kabupaten Muratara,2025,33,0
Kabupaten Muratara,2025,34,0
Kabupaten Muratara,2025,35,0
Kabupaten Muratara,2025,36,0
Kabupaten Muratara,2025,37,0
Kabupaten Muratara,2025,38,0
Kabupaten Muratara,2025,39,0
Kabupaten Muratara,2025,40,0
Kabupaten Muratara,2025,41,0
Kabupaten Muratara,2025,42,0
Kabupaten Muratara,2025,43,0
Kabupaten Muratara,2025,44,0
Kabupaten Muratara,2025,45,0
Kabupaten Muratara,2025,46,0
Kabupaten Muratara,2025,47,0
Kabupaten Muratara,2025,48,0
Kabupaten Muratara,2025,49,0
Kabupaten Muratara,2025,50,0
Kabupaten Muratara,2025,51,0
Kabupaten Muratara,2025,52,0
Kabupaten Muratara,2026,1,0
Kabupaten Muratara,2026,2,0
Kabupaten Muratara,2026,3,0
Kabupaten Muratara,2026,4,0
Kabupaten Muratara,2026,5,0
Kabupaten Muratara,2026,6,0
Kabupaten Muratara,2026,7,0
Kabupaten Muratara,2026,8,0
Kabupaten Muratara,2026,9,0
Kabupaten Muratara,2026,10,0
Kabupaten Muratara,2026,11,0
Kabupaten Muratara,2026,12,0
Kabupaten Muratara,2026,13,0
Kabupaten Muratara,2026,14,0
Kabupaten Muratara,2026,15,0
Kabupaten Muratara,2026,16,0
Kabupaten Muratara,2026,17,0
Kabupaten Muratara,2026,18,0
Kabupaten Muratara,2026,19,0
Kabupaten Muratara,2026,20,0
Kabupaten Muratara,2026,21,0
Kabupaten Muratara,2026,22,0
Kabupaten Muratara,2026,23,0
Kabupaten Muratara,2026,24,0
Kabupaten Muratara,2026,25,0
Kabupaten Muratara,2026,26,0
Kabupaten Muratara,2026,27,0
Kabupaten Muratara,2026,28,0
Kabupaten Muratara,2026,29,0
Kabupaten Muratara,2026,30,0
Kabupaten Muratara,2026,31,0
Kabupaten Muratara,2026,32,0
Kabupaten Muratara,2026,33,0
Kabupaten Muratara,2026,34,0
Kabupaten Muratara,2026,35,0
Kabupaten Muratara,2026,36,0
Kabupaten Muratara,2026,37,0
Kabupaten Muratara,2026,38,0
Kabupaten Muratara,2026,39,0
Kabupaten Musi Rawas,2021,1,0
Kabupaten Musi Rawas,2021,2,0
Kabupaten Musi Rawas,2021,3,0
Kabupaten Musi Rawas,2021,4,0
Kabupaten Musi Rawas,2021,5,0
Kabupaten Musi Rawas,2021,6,0
Kabupaten Musi Rawas,2021,7,0
Kabupaten Musi Rawas,2021,8,0
Kabupaten Musi Rawas,2021,9,0
Kabupaten Musi Rawas,2021,10,0
Kabupaten Musi Rawas,2021,11,0
Kabupaten Musi Rawas,2021,12,0
Kabupaten Musi Rawas,2021,13,0
Kabupaten Musi Rawas,2021,14,0
Kabupaten Musi Rawas,2021,15,0
Kabupaten Musi Rawas,2021,16,0
Kabupaten Musi Rawas,2021,17,0
Kabupaten Musi Rawas,2021,18,0
Kabupaten Musi Rawas,2021,19,0
Kabupaten Musi Rawas,2021,20,0
Kabupaten Musi Rawas,2021,21,0
Kabupaten Musi Rawas,2021,22,9
Kabupaten Musi Rawas,2021,23,0
Kabupaten Musi Rawas,2021,24,0
Kabupaten Musi Rawas,2021,25,0
Kabupaten Musi Rawas,2021,26,0
Kabupaten Musi Rawas,2021,27,0
Kabupaten Musi Rawas,2021,28,0
Kabupaten Musi Rawas,2021,29,0
Kabupaten Musi Rawas,2021,30,0
Kabupaten Musi Rawas,2021,31,0
Kabupaten Musi Rawas,2021,32,0
Kabupaten Musi Rawas,2021,33,0
Kabupaten Musi Rawas,2021,34,0
Kabupaten Musi Rawas,2021,35,0
Kabupaten Musi Rawas,2021,36,0
Kabupaten Musi Rawas,2021,37,0
Kabupaten Musi Rawas,2021,38,0
Kabupaten Musi Rawas,2021,39,0
Kabupaten Musi Rawas,2021,40,0
Kabupaten Musi Rawas,2021,41,0
Kabupaten Musi Rawas,2021,42,0
Kabupaten Musi Rawas,2021,43,0
Kabupaten Musi Rawas,2021,44,0
Kabupaten Musi Rawas,2021,45,0
Kabupaten Musi Rawas,2021,46,0
Kabupaten Musi Rawas,2021,47,0
Kabupaten Musi Rawas,2021,48,0
Kabupaten Musi Rawas,2021,49,0
Kabupaten Musi Rawas,2021,50,0
Kabupaten Musi Rawas,2021,51,0
Kabupaten Musi Rawas,2021,52,0
Kabupaten Musi Rawas,2022,1,0
Kabupaten Musi Rawas,2022,2,0
Kabupaten Musi Rawas,2022,3,0
Kabupaten Musi Rawas,2022,4,0
Kabupaten Musi Rawas,2022,5,0
Kabupaten Musi Rawas,2022,6,0
Kabupaten Musi Rawas,2022,7,0
Kabupaten Musi Rawas,2022,8,0
Kabupaten Musi Rawas,2022,9,0
Kabupaten Musi Rawas,2022,10,0
Kabupaten Musi Rawas,2022,11,0
Kabupaten Musi Rawas,2022,12,0
Kabupaten Musi Rawas,2022,13,0
Kabupaten Musi Rawas,2022,14,0
Kabupaten Musi Rawas,2022,15,0
Kabupaten Musi Rawas,2022,16,0
Kabupaten Musi Rawas,2022,17,0
Kabupaten Musi Rawas,2022,18,0
Kabupaten Musi Rawas,2022,19,0
Kabupaten Musi Rawas,2022,20,0
Kabupaten Musi Rawas,2022,21,0
Kabupaten Musi Rawas,2022,22,0
Kabupaten Musi Rawas,2022,23,0
Kabupaten Musi Rawas,2022,24,0
Kabupaten Musi Rawas,2022,25,0
Kabupaten Musi Rawas,2022,26,0
Kabupaten Musi Rawas,2022,27,0
Kabupaten Musi Rawas,2022,28,0
Kabupaten Musi Rawas,2022,29,0
Kabupaten Musi Rawas,2022,30,0
Kabupaten Musi Rawas,2022,31,0
Kabupaten Musi Rawas,2022,32,0
Kabupaten Musi Rawas,2022,33,0
Kabupaten Musi Rawas,2022,34,0
Kabupaten Musi Rawas,2022,35,0
Kabupaten Musi Rawas,2022,36,0
Kabupaten Musi Rawas,2022,37,0
Kabupaten Musi Rawas,2022,38,1
Kabupaten Musi Rawas,2022,39,0
Kabupaten Musi Rawas,2022,40,0
Kabupaten Musi Rawas,2022,41,0
Kabupaten Musi Rawas,2022,42,0
Kabupaten Musi Rawas,2022,43,0
Kabupaten Musi Rawas,2022,44,0
Kabupaten Musi Rawas,2022,45,0
Kabupaten Musi Rawas,2022,46,0
Kabupaten Musi Rawas,2022,47,0
Kabupaten Musi Rawas,2022,48,0
Kabupaten Musi Rawas,2022,49,0
Kabupaten Musi Rawas,2022,50,0
Kabupaten Musi Rawas,2022,51,0
Kabupaten Musi Rawas,2022,52,0
Kabupaten Musi Rawas,2023,1,0
Kabupaten Musi Rawas,2023,2,0
Kabupaten Musi Rawas,2023,3,0
Kabupaten Musi Rawas,2023,4,0
Kabupaten Musi Rawas,2023,5,0
Kabupaten Musi Rawas,2023,6,0
Kabupaten Musi Rawas,2023,7,0
Kabupaten Musi Rawas,2023,8,0
Kabupaten Musi Rawas,2023,9,0
Kabupaten Musi Rawas,2023,10,0
Kabupaten Musi Rawas,2023,11,0
Kabupaten Musi Rawas,2023,12,0
Kabupaten Musi Rawas,2023,13,0
Kabupaten Musi Rawas,2023,14,0
Kabupaten Musi Rawas,2023,15,0
Kabupaten Musi Rawas,2023,16,0
Kabupaten Musi Rawas,2023,17,0
Kabupaten Musi Rawas,2023,18,0
Kabupaten Musi Rawas,2023,19,0
Kabupaten Musi Rawas,2023,20,0
Kabupaten Musi Rawas,2023,21,0
Kabupaten Musi Rawas,2023,22,0
Kabupaten Musi Rawas,2023,23,0
Kabupaten Musi Rawas,2023,24,0
Kabupaten Musi Rawas,2023,25,0
Kabupaten Musi Rawas,2023,26,0
Kabupaten Musi Rawas,2023,27,0
Kabupaten Musi Rawas,2023,28,0
Kabupaten Musi Rawas,2023,29,0
Kabupaten Musi Rawas,2023,30,0
Kabupaten Musi Rawas,2023,31,0
Kabupaten Musi Rawas,2023,32,0
Kabupaten Musi Rawas,2023,33,0
Kabupaten Musi Rawas,2023,34,0
Kabupaten Musi Rawas,2023,35,0
Kabupaten Musi Rawas,2023,36,0
Kabupaten Musi Rawas,2023,37,0
Kabupaten Musi Rawas,2023,38,0
Kabupaten Musi Rawas,2023,39,0
Kabupaten Musi Rawas,2023,40,0
Kabupaten Musi Rawas,2023,41,0
Kabupaten Musi Rawas,2023,42,0
Kabupaten Musi Rawas,2023,43,0
Kabupaten Musi Rawas,2023,44,0
Kabupaten Musi Rawas,2023,45,0
Kabupaten Musi Rawas,2023,46,0
Kabupaten Musi Rawas,2023,47,0
Kabupaten Musi Rawas,2023,48,0
Kabupaten Musi Rawas,2023,49,0
Kabupaten Musi Rawas,2023,50,0
Kabupaten Musi Rawas,2023,51,0
Kabupaten Musi Rawas,2023,52,0
Kabupaten Musi Rawas,2024,1,0
Kabupaten Musi Rawas,2024,2,0
Kabupaten Musi Rawas,2024,3,0
Kabupaten Musi Rawas,2024,4,0
Kabupaten Musi Rawas,2024,5,0
Kabupaten Musi Rawas,2024,6,0
Kabupaten Musi Rawas,2024,7,0
Kabupaten Musi Rawas,2024,8,0
Kabupaten Musi Rawas,2024,9,0
Kabupaten Musi Rawas,2024,10,0
Kabupaten Musi Rawas,2024,11,0
Kabupaten Musi Rawas,2024,12,0
Kabupaten Musi Rawas,2024,13,0
Kabupaten Musi Rawas,2024,14,0
Kabupaten Musi Rawas,2024,15,0
Kabupaten Musi Rawas,2024,16,0
Kabupaten Musi Rawas,2024,17,0
Kabupaten Musi Rawas,2024,18,0
Kabupaten Musi Rawas,2024,19,0
Kabupaten Musi Rawas,2024,20,0
Kabupaten Musi Rawas,2024,21,0
Kabupaten Musi Rawas,2024,22,0
Kabupaten Musi Rawas,2024,23,0
Kabupaten Musi Rawas,2024,24,0
Kabupaten Musi Rawas,2024,25,0
Kabupaten Musi Rawas,2024,26,0
Kabupaten Musi Rawas,2024,27,0
Kabupaten Musi Rawas,2024,28,0
Kabupaten Musi Rawas,2024,29,0
Kabupaten Musi Rawas,2024,30,0
Kabupaten Musi Rawas,2024,31,0
Kabupaten Musi Rawas,2024,32,0
Kabupaten Musi Rawas,2024,33,0
Kabupaten Musi Rawas,2024,34,0
Kabupaten Musi Rawas,2024,35,0
Kabupaten Musi Rawas,2024,36,0
Kabupaten Musi Rawas,2024,37,0
Kabupaten Musi Rawas,2024,38,0
Kabupaten Musi Rawas,2024,39,0
Kabupaten Musi Rawas,2024,40,0
Kabupaten Musi Rawas,2024,41,0
Kabupaten Musi Rawas,2024,42,0
Kabupaten Musi Rawas,2024,43,0
Kabupaten Musi Rawas,2024,44,0
Kabupaten Musi Rawas,2024,45,0
Kabupaten Musi Rawas,2024,46,0
Kabupaten Musi Rawas,2024,47,0
Kabupaten Musi Rawas,2024,48,0
Kabupaten Musi Rawas,2024,49,0
Kabupaten Musi Rawas,2024,50,0
Kabupaten Musi Rawas,2024,51,1
Kabupaten Musi Rawas,2024,52,0
Kabupaten Musi Rawas,2025,1,0
Kabupaten Musi Rawas,2025,2,0
Kabupaten Musi Rawas,2025,3,1
Kabupaten Musi Rawas,2025,4,1
Kabupaten Musi Rawas,2025,5,0
Kabupaten Musi Rawas,2025,6,0
Kabupaten Musi Rawas,2025,7,0
Kabupaten Musi Rawas,2025,8,0
Kabupaten Musi Rawas,2025,9,0
Kabupaten Musi Rawas,2025,10,0
Kabupaten Musi Rawas,2025,11,1
Kabupaten Musi Rawas,2025,12,1
Kabupaten Musi Rawas,2025,13,0
Kabupaten Musi Rawas,2025,14,0
Kabupaten Musi Rawas,2025,15,0
Kabupaten Musi Rawas,2025,16,0
Kabupaten Musi Rawas,2025,17,0
Kabupaten Musi Rawas,2025,18,0
Kabupaten Musi Rawas,2025,19,0
Kabupaten Musi Rawas,2025,20,0
Kabupaten Musi Rawas,2025,21,0
Kabupaten Musi Rawas,2025,22,0
Kabupaten Musi Rawas,2025,23,0
Kabupaten Musi Rawas,2025,24,0
Kabupaten Musi Rawas,2025,25,0
Kabupaten Musi Rawas,2025,26,0
Kabupaten Musi Rawas,2025,27,0
Kabupaten Musi Rawas,2025,28,0
Kabupaten Musi Rawas,2025,29,0
Kabupaten Musi Rawas,2025,30,0
Kabupaten Musi Rawas,2025,31,0
Kabupaten Musi Rawas,2025,32,0
Kabupaten Musi Rawas,2025,33,0
Kabupaten Musi Rawas,2025,34,0
Kabupaten Musi Rawas,2025,35,0
Kabupaten Musi Rawas,2025,36,0
Kabupaten Musi Rawas,2025,37,0
Kabupaten Musi Rawas,2025,38,0
Kabupaten Musi Rawas,2025,39,0
Kabupaten Musi Rawas,2025,40,0
Kabupaten Musi Rawas,2025,41,0
Kabupaten Musi Rawas,2025,42,0
Kabupaten Musi Rawas,2025,43,0
Kabupaten Musi Rawas,2025,44,0
Kabupaten Musi Rawas,2025,45,0
Kabupaten Musi Rawas,2025,46,0
Kabupaten Musi Rawas,2025,47,0
Kabupaten Musi Rawas,2025,48,0
Kabupaten Musi Rawas,2025,49,0
Kabupaten Musi Rawas,2025,50,0
Kabupaten Musi Rawas,2025,51,0
Kabupaten Musi Rawas,2025,52,0
Kabupaten Musi Rawas,2026,1,0
Kabupaten Musi Rawas,2026,2,0
Kabupaten Musi Rawas,2026,3,0
Kabupaten Musi Rawas,2026,4,0
Kabupaten Musi Rawas,2026,5,0
Kabupaten Musi Rawas,2026,6,0
Kabupaten Musi Rawas,2026,7,0
Kabupaten Musi Rawas,2026,8,0
Kabupaten Musi Rawas,2026,9,0
Kabupaten Musi Rawas,2026,10,0
Kabupaten Musi Rawas,2026,11,0
Kabupaten Musi Rawas,2026,12,0
Kabupaten Musi Rawas,2026,13,0
Kabupaten Musi Rawas,2026,14,0
Kabupaten Musi Rawas,2026,15,0
Kabupaten Musi Rawas,2026,16,0
Kabupaten Musi Rawas,2026,17,0
Kabupaten Musi Rawas,2026,18,0
Kabupaten Musi Rawas,2026,19,0
Kabupaten Musi Rawas,2026,20,0
Kabupaten Musi Rawas,2026,21,0
Kabupaten Musi Rawas,2026,22,0
Kabupaten Musi Rawas,2026,23,0
Kabupaten Musi Rawas,2026,24,0
Kabupaten Musi Rawas,2026,25,0
Kabupaten Musi Rawas,2026,26,0
Kabupaten Musi Rawas,2026,27,0
Kabupaten Musi Rawas,2026,28,0
Kabupaten Musi Rawas,2026,29,0
Kabupaten Musi Rawas,2026,30,0
Kabupaten Musi Rawas,2026,31,0
Kabupaten Musi Rawas,2026,32,0
Kabupaten Musi Rawas,2026,33,0
Kabupaten Musi Rawas,2026,34,0
Kabupaten Musi Rawas,2026,35,0
Kabupaten Musi Rawas,2026,36,0
Kabupaten Musi Rawas,2026,37,0
Kabupaten Musi Rawas,2026,38,0
Kabupaten Musi Rawas,2026,39,0
Kabupaten OKU Selatan,2021,1,0
Kabupaten OKU Selatan,2021,2,0
Kabupaten OKU Selatan,2021,3,0
Kabupaten OKU Selatan,2021,4,0
Kabupaten OKU Selatan,2021,5,0
Kabupaten OKU Selatan,2021,6,0
Kabupaten OKU Selatan,2021,7,0
Kabupaten OKU Selatan,2021,8,0
Kabupaten OKU Selatan,2021,9,0
Kabupaten OKU Selatan,2021,10,0
Kabupaten OKU Selatan,2021,11,3
Kabupaten OKU Selatan,2021,12,0
Kabupaten OKU Selatan,2021,13,0
Kabupaten OKU Selatan,2021,14,0
Kabupaten OKU Selatan,2021,15,0
Kabupaten OKU Selatan,2021,16,0
Kabupaten OKU Selatan,2021,17,0
Kabupaten OKU Selatan,2021,18,1
Kabupaten OKU Selatan,2021,19,0
Kabupaten OKU Selatan,2021,20,0
Kabupaten OKU Selatan,2021,21,0
Kabupaten OKU Selatan,2021,22,0
Kabupaten OKU Selatan,2021,23,0
Kabupaten OKU Selatan,2021,24,0
Kabupaten OKU Selatan,2021,25,0
Kabupaten OKU Selatan,2021,26,0
Kabupaten OKU Selatan,2021,27,0
Kabupaten OKU Selatan,2021,28,0
Kabupaten OKU Selatan,2021,29,0
Kabupaten OKU Selatan,2021,30,0
Kabupaten OKU Selatan,2021,31,0
Kabupaten OKU Selatan,2021,32,0
Kabupaten OKU Selatan,2021,33,0
Kabupaten OKU Selatan,2021,34,0
Kabupaten OKU Selatan,2021,35,0
Kabupaten OKU Selatan,2021,36,0
Kabupaten OKU Selatan,2021,37,0
Kabupaten OKU Selatan,2021,38,0
Kabupaten OKU Selatan,2021,39,0
Kabupaten OKU Selatan,2021,40,0
Kabupaten OKU Selatan,2021,41,0
Kabupaten OKU Selatan,2021,42,0
Kabupaten OKU Selatan,2021,43,0
Kabupaten OKU Selatan,2021,44,0
Kabupaten OKU Selatan,2021,45,0
Kabupaten OKU Selatan,2021,46,0
Kabupaten OKU Selatan,2021,47,0
Kabupaten OKU Selatan,2021,48,0
Kabupaten OKU Selatan,2021,49,0
Kabupaten OKU Selatan,2021,50,0
Kabupaten OKU Selatan,2021,51,0
Kabupaten OKU Selatan,2021,52,0
Kabupaten OKU Selatan,2022,1,0
Kabupaten OKU Selatan,2022,2,0
Kabupaten OKU Selatan,2022,3,0
Kabupaten OKU Selatan,2022,4,0
Kabupaten OKU Selatan,2022,5,0
Kabupaten OKU Selatan,2022,6,0
Kabupaten OKU Selatan,2022,7,0
Kabupaten OKU Selatan,2022,8,0
Kabupaten OKU Selatan,2022,9,0
Kabupaten OKU Selatan,2022,10,0
Kabupaten OKU Selatan,2022,11,0
Kabupaten OKU Selatan,2022,12,0
Kabupaten OKU Selatan,2022,13,0
Kabupaten OKU Selatan,2022,14,0
Kabupaten OKU Selatan,2022,15,0
Kabupaten OKU Selatan,2022,16,0
Kabupaten OKU Selatan,2022,17,0
Kabupaten OKU Selatan,2022,18,0
Kabupaten OKU Selatan,2022,19,0
Kabupaten OKU Selatan,2022,20,0
Kabupaten OKU Selatan,2022,21,0
Kabupaten OKU Selatan,2022,22,0
Kabupaten OKU Selatan,2022,23,0
Kabupaten OKU Selatan,2022,24,0
Kabupaten OKU Selatan,2022,25,0
Kabupaten OKU Selatan,2022,26,0
Kabupaten OKU Selatan,2022,27,0
Kabupaten OKU Selatan,2022,28,0
Kabupaten OKU Selatan,2022,29,0
Kabupaten OKU Selatan,2022,30,0
Kabupaten OKU Selatan,2022,31,0
Kabupaten OKU Selatan,2022,32,0
Kabupaten OKU Selatan,2022,33,0
Kabupaten OKU Selatan,2022,34,0
Kabupaten OKU Selatan,2022,35,0
Kabupaten OKU Selatan,2022,36,0
Kabupaten OKU Selatan,2022,37,0
Kabupaten OKU Selatan,2022,38,0
Kabupaten OKU Selatan,2022,39,0
Kabupaten OKU Selatan,2022,40,0
Kabupaten OKU Selatan,2022,41,0
Kabupaten OKU Selatan,2022,42,0
Kabupaten OKU Selatan,2022,43,0
Kabupaten OKU Selatan,2022,44,0
Kabupaten OKU Selatan,2022,45,0
Kabupaten OKU Selatan,2022,46,0
Kabupaten OKU Selatan,2022,47,0
Kabupaten OKU Selatan,2022,48,0
Kabupaten OKU Selatan,2022,49,0
Kabupaten OKU Selatan,2022,50,0
Kabupaten OKU Selatan,2022,51,0
Kabupaten OKU Selatan,2022,52,0
Kabupaten OKU Selatan,2023,1,0
Kabupaten OKU Selatan,2023,2,0
Kabupaten OKU Selatan,2023,3,0
Kabupaten OKU Selatan,2023,4,0
Kabupaten OKU Selatan,2023,5,0
Kabupaten OKU Selatan,2023,6,0
Kabupaten OKU Selatan,2023,7,0
Kabupaten OKU Selatan,2023,8,0
Kabupaten OKU Selatan,2023,9,0
Kabupaten OKU Selatan,2023,10,0
Kabupaten OKU Selatan,2023,11,0
Kabupaten OKU Selatan,2023,12,0
Kabupaten OKU Selatan,2023,13,0
Kabupaten OKU Selatan,2023,14,0
Kabupaten OKU Selatan,2023,15,0
Kabupaten OKU Selatan,2023,16,0
Kabupaten OKU Selatan,2023,17,0
Kabupaten OKU Selatan,2023,18,0
Kabupaten OKU Selatan,2023,19,0
Kabupaten OKU Selatan,2023,20,0
Kabupaten OKU Selatan,2023,21,0
Kabupaten OKU Selatan,2023,22,0
Kabupaten OKU Selatan,2023,23,0
Kabupaten OKU Selatan,2023,24,0
Kabupaten OKU Selatan,2023,25,0
Kabupaten OKU Selatan,2023,26,0
Kabupaten OKU Selatan,2023,27,0
Kabupaten OKU Selatan,2023,28,0
Kabupaten OKU Selatan,2023,29,0
Kabupaten OKU Selatan,2023,30,0
Kabupaten OKU Selatan,2023,31,0
Kabupaten OKU Selatan,2023,32,0
Kabupaten OKU Selatan,2023,33,0
Kabupaten OKU Selatan,2023,34,0
Kabupaten OKU Selatan,2023,35,0
Kabupaten OKU Selatan,2023,36,0
Kabupaten OKU Selatan,2023,37,0
Kabupaten OKU Selatan,2023,38,0
Kabupaten OKU Selatan,2023,39,0
Kabupaten OKU Selatan,2023,40,0
Kabupaten OKU Selatan,2023,41,0
Kabupaten OKU Selatan,2023,42,0
Kabupaten OKU Selatan,2023,43,0
Kabupaten OKU Selatan,2023,44,0
Kabupaten OKU Selatan,2023,45,0
Kabupaten OKU Selatan,2023,46,0
Kabupaten OKU Selatan,2023,47,0
Kabupaten OKU Selatan,2023,48,0
Kabupaten OKU Selatan,2023,49,0
Kabupaten OKU Selatan,2023,50,0
Kabupaten OKU Selatan,2023,51,0
Kabupaten OKU Selatan,2023,52,0
Kabupaten OKU Selatan,2024,1,0
Kabupaten OKU Selatan,2024,2,0
Kabupaten OKU Selatan,2024,3,0
Kabupaten OKU Selatan,2024,4,0
Kabupaten OKU Selatan,2024,5,0
Kabupaten OKU Selatan,2024,6,0
Kabupaten OKU Selatan,2024,7,0
Kabupaten OKU Selatan,2024,8,0
Kabupaten OKU Selatan,2024,9,0
Kabupaten OKU Selatan,2024,10,0
Kabupaten OKU Selatan,2024,11,0
Kabupaten OKU Selatan,2024,12,0
Kabupaten OKU Selatan,2024,13,0
Kabupaten OKU Selatan,2024,14,0
Kabupaten OKU Selatan,2024,15,0
Kabupaten OKU Selatan,2024,16,0
Kabupaten OKU Selatan,2024,17,0
Kabupaten OKU Selatan,2024,18,0
Kabupaten OKU Selatan,2024,19,0
Kabupaten OKU Selatan,2024,20,0
Kabupaten OKU Selatan,2024,21,0
Kabupaten OKU Selatan,2024,22,0
Kabupaten OKU Selatan,2024,23,0
Kabupaten OKU Selatan,2024,24,0
Kabupaten OKU Selatan,2024,25,0
Kabupaten OKU Selatan,2024,26,0
Kabupaten OKU Selatan,2024,27,0
Kabupaten OKU Selatan,2024,28,0
Kabupaten OKU Selatan,2024,29,0
Kabupaten OKU Selatan,2024,30,0
Kabupaten OKU Selatan,2024,31,0
Kabupaten OKU Selatan,2024,32,0
Kabupaten OKU Selatan,2024,33,0
Kabupaten OKU Selatan,2024,34,0
Kabupaten OKU Selatan,2024,35,0
Kabupaten OKU Selatan,2024,36,0
Kabupaten OKU Selatan,2024,37,0
Kabupaten OKU Selatan,2024,38,0
Kabupaten OKU Selatan,2024,39,0
Kabupaten OKU Selatan,2024,40,0
Kabupaten OKU Selatan,2024,41,0
Kabupaten OKU Selatan,2024,42,0
Kabupaten OKU Selatan,2024,43,0
Kabupaten OKU Selatan,2024,44,0
Kabupaten OKU Selatan,2024,45,0
Kabupaten OKU Selatan,2024,46,0
Kabupaten OKU Selatan,2024,47,0
Kabupaten OKU Selatan,2024,48,0
Kabupaten OKU Selatan,2024,49,0
Kabupaten OKU Selatan,2024,50,0
Kabupaten OKU Selatan,2024,51,0
Kabupaten OKU Selatan,2024,52,0
Kabupaten OKU Selatan,2025,1,0
Kabupaten OKU Selatan,2025,2,0
Kabupaten OKU Selatan,2025,3,0
Kabupaten OKU Selatan,2025,4,0
Kabupaten OKU Selatan,2025,5,0
Kabupaten OKU Selatan,2025,6,0
Kabupaten OKU Selatan,2025,7,0
Kabupaten OKU Selatan,2025,8,0
Kabupaten OKU Selatan,2025,9,0
Kabupaten OKU Selatan,2025,10,0
Kabupaten OKU Selatan,2025,11,0
Kabupaten OKU Selatan,2025,12,0
Kabupaten OKU Selatan,2025,13,0
Kabupaten OKU Selatan,2025,14,0
Kabupaten OKU Selatan,2025,15,0
Kabupaten OKU Selatan,2025,16,0
Kabupaten OKU Selatan,2025,17,0
Kabupaten OKU Selatan,2025,18,0
Kabupaten OKU Selatan,2025,19,0
Kabupaten OKU Selatan,2025,20,0
Kabupaten OKU Selatan,2025,21,0
Kabupaten OKU Selatan,2025,22,0
Kabupaten OKU Selatan,2025,23,0
Kabupaten OKU Selatan,2025,24,0
Kabupaten OKU Selatan,2025,25,0
Kabupaten OKU Selatan,2025,26,0
Kabupaten OKU Selatan,2025,27,0
Kabupaten OKU Selatan,2025,28,0
Kabupaten OKU Selatan,2025,29,0
Kabupaten OKU Selatan,2025,30,0
Kabupaten OKU Selatan,2025,31,0
Kabupaten OKU Selatan,2025,32,0
Kabupaten OKU Selatan,2025,33,0
Kabupaten OKU Selatan,2025,34,0
Kabupaten OKU Selatan,2025,35,0
Kabupaten OKU Selatan,2025,36,0
Kabupaten OKU Selatan,2025,37,0
Kabupaten OKU Selatan,2025,38,0
Kabupaten OKU Selatan,2025,39,0
Kabupaten OKU Selatan,2025,40,0
Kabupaten OKU Selatan,2025,41,0
Kabupaten OKU Selatan,2025,42,0
Kabupaten OKU Selatan,2025,43,0
Kabupaten OKU Selatan,2025,44,0
Kabupaten OKU Selatan,2025,45,0
Kabupaten OKU Selatan,2025,46,0
Kabupaten OKU Selatan,2025,47,0
Kabupaten OKU Selatan,2025,48,0
Kabupaten OKU Selatan,2025,49,0
Kabupaten OKU Selatan,2025,50,0
Kabupaten OKU Selatan,2025,51,0
Kabupaten OKU Selatan,2025,52,0
Kabupaten OKU Selatan,2026,1,0
Kabupaten OKU Selatan,2026,2,0
Kabupaten OKU Selatan,2026,3,0
Kabupaten OKU Selatan,2026,4,0
Kabupaten OKU Selatan,2026,5,0
Kabupaten OKU Selatan,2026,6,0
Kabupaten OKU Selatan,2026,7,0
Kabupaten OKU Selatan,2026,8,0
Kabupaten OKU Selatan,2026,9,0
Kabupaten OKU Selatan,2026,10,0
Kabupaten OKU Selatan,2026,11,0
Kabupaten OKU Selatan,2026,12,0
Kabupaten OKU Selatan,2026,13,0
Kabupaten OKU Selatan,2026,14,0
Kabupaten OKU Selatan,2026,15,0
Kabupaten OKU Selatan,2026,16,0
Kabupaten OKU Selatan,2026,17,0
Kabupaten OKU Selatan,2026,18,0
Kabupaten OKU Selatan,2026,19,0
Kabupaten OKU Selatan,2026,20,0
Kabupaten OKU Selatan,2026,21,0
Kabupaten OKU Selatan,2026,22,0
Kabupaten OKU Selatan,2026,23,0
Kabupaten OKU Selatan,2026,24,0
Kabupaten OKU Selatan,2026,25,0
Kabupaten OKU Selatan,2026,26,0
Kabupaten OKU Selatan,2026,27,0
Kabupaten OKU Selatan,2026,28,0
Kabupaten OKU Selatan,2026,29,0
Kabupaten OKU Selatan,2026,30,0
Kabupaten OKU Selatan,2026,31,0
Kabupaten OKU Selatan,2026,32,0
Kabupaten OKU Selatan,2026,33,0
Kabupaten OKU Selatan,2026,34,0
Kabupaten OKU Selatan,2026,35,0
Kabupaten OKU Selatan,2026,36,0
Kabupaten OKU Selatan,2026,37,0
Kabupaten OKU Selatan,2026,38,0
Kabupaten OKU Selatan,2026,39,0
Kabupaten OKU Timur,2021,1,0
Kabupaten OKU Timur,2021,2,0
Kabupaten OKU Timur,2021,3,0
Kabupaten OKU Timur,2021,4,0
Kabupaten OKU Timur,2021,5,0
Kabupaten OKU Timur,2021,6,0
Kabupaten OKU Timur,2021,7,0
Kabupaten OKU Timur,2021,8,0
Kabupaten OKU Timur,2021,9,0
Kabupaten OKU Timur,2021,10,0
Kabupaten OKU Timur,2021,11,0
Kabupaten OKU Timur,2021,12,0
Kabupaten OKU Timur,2021,13,0
Kabupaten OKU Timur,2021,14,0
Kabupaten OKU Timur,2021,15,0
Kabupaten OKU Timur,2021,16,0
Kabupaten OKU Timur,2021,17,0
Kabupaten OKU Timur,2021,18,0
Kabupaten OKU Timur,2021,19,0
Kabupaten OKU Timur,2021,20,0
Kabupaten OKU Timur,2021,21,0
Kabupaten OKU Timur,2021,22,0
Kabupaten OKU Timur,2021,23,0
Kabupaten OKU Timur,2021,24,0
Kabupaten OKU Timur,2021,25,0
Kabupaten OKU Timur,2021,26,0
Kabupaten OKU Timur,2021,27,0
Kabupaten OKU Timur,2021,28,0
Kabupaten OKU Timur,2021,29,0
Kabupaten OKU Timur,2021,30,0
Kabupaten OKU Timur,2021,31,0
Kabupaten OKU Timur,2021,32,0
Kabupaten OKU Timur,2021,33,73
Kabupaten OKU Timur,2021,34,0
Kabupaten OKU Timur,2021,35,0
Kabupaten OKU Timur,2021,36,5
Kabupaten OKU Timur,2021,37,0
Kabupaten OKU Timur,2021,38,0
Kabupaten OKU Timur,2021,39,0
Kabupaten OKU Timur,2021,40,0
Kabupaten OKU Timur,2021,41,0
Kabupaten OKU Timur,2021,42,2
Kabupaten OKU Timur,2021,43,2
Kabupaten OKU Timur,2021,44,1
Kabupaten OKU Timur,2021,45,0
Kabupaten OKU Timur,2021,46,0
Kabupaten OKU Timur,2021,47,1
Kabupaten OKU Timur,2021,48,0
Kabupaten OKU Timur,2021,49,0
Kabupaten OKU Timur,2021,50,1
Kabupaten OKU Timur,2021,51,0
Kabupaten OKU Timur,2021,52,1
Kabupaten OKU Timur,2022,1,0
Kabupaten OKU Timur,2022,2,0
Kabupaten OKU Timur,2022,3,0
Kabupaten OKU Timur,2022,4,0
Kabupaten OKU Timur,2022,5,0
Kabupaten OKU Timur,2022,6,0
Kabupaten OKU Timur,2022,7,0
Kabupaten OKU Timur,2022,8,0
Kabupaten OKU Timur,2022,9,0
Kabupaten OKU Timur,2022,10,0
Kabupaten OKU Timur,2022,11,0
Kabupaten OKU Timur,2022,12,0
Kabupaten OKU Timur,2022,13,0
Kabupaten OKU Timur,2022,14,0
Kabupaten OKU Timur,2022,15,0
Kabupaten OKU Timur,2022,16,0
Kabupaten OKU Timur,2022,17,0
Kabupaten OKU Timur,2022,18,0
Kabupaten OKU Timur,2022,19,0
Kabupaten OKU Timur,2022,20,0
Kabupaten OKU Timur,2022,21,0
Kabupaten OKU Timur,2022,22,0
Kabupaten OKU Timur,2022,23,0
Kabupaten OKU Timur,2022,24,0
Kabupaten OKU Timur,2022,25,1
Kabupaten OKU Timur,2022,26,0
Kabupaten OKU Timur,2022,27,0
Kabupaten OKU Timur,2022,28,0
Kabupaten OKU Timur,2022,29,0
Kabupaten OKU Timur,2022,30,0
Kabupaten OKU Timur,2022,31,0
Kabupaten OKU Timur,2022,32,0
Kabupaten OKU Timur,2022,33,0
Kabupaten OKU Timur,2022,34,0
Kabupaten OKU Timur,2022,35,0
Kabupaten OKU Timur,2022,36,0
Kabupaten OKU Timur,2022,37,0
Kabupaten OKU Timur,2022,38,0
Kabupaten OKU Timur,2022,39,0
Kabupaten OKU Timur,2022,40,0
Kabupaten OKU Timur,2022,41,0
Kabupaten OKU Timur,2022,42,0
Kabupaten OKU Timur,2022,43,0
Kabupaten OKU Timur,2022,44,0
Kabupaten OKU Timur,2022,45,0
Kabupaten OKU Timur,2022,46,0
Kabupaten OKU Timur,2022,47,0
Kabupaten OKU Timur,2022,48,0
Kabupaten OKU Timur,2022,49,0
Kabupaten OKU Timur,2022,50,0
Kabupaten OKU Timur,2022,51,0
Kabupaten OKU Timur,2022,52,0
Kabupaten OKU Timur,2023,1,0
Kabupaten OKU Timur,2023,2,0
Kabupaten OKU Timur,2023,3,0
Kabupaten OKU Timur,2023,4,0
Kabupaten OKU Timur,2023,5,0
Kabupaten OKU Timur,2023,6,0
Kabupaten OKU Timur,2023,7,0
Kabupaten OKU Timur,2023,8,0
Kabupaten OKU Timur,2023,9,0
Kabupaten OKU Timur,2023,10,0
Kabupaten OKU Timur,2023,11,0
Kabupaten OKU Timur,2023,12,0
Kabupaten OKU Timur,2023,13,0
Kabupaten OKU Timur,2023,14,0
Kabupaten OKU Timur,2023,15,0
Kabupaten OKU Timur,2023,16,0
Kabupaten OKU Timur,2023,17,0
Kabupaten OKU Timur,2023,18,0
Kabupaten OKU Timur,2023,19,0
Kabupaten OKU Timur,2023,20,0
Kabupaten OKU Timur,2023,21,0
Kabupaten OKU Timur,2023,22,0
Kabupaten OKU Timur,2023,23,0
Kabupaten OKU Timur,2023,24,0
Kabupaten OKU Timur,2023,25,0
Kabupaten OKU Timur,2023,26,0
Kabupaten OKU Timur,2023,27,0
Kabupaten OKU Timur,2023,28,0
Kabupaten OKU Timur,2023,29,0
Kabupaten OKU Timur,2023,30,0
Kabupaten OKU Timur,2023,31,0
Kabupaten OKU Timur,2023,32,0
Kabupaten OKU Timur,2023,33,0
Kabupaten OKU Timur,2023,34,0
Kabupaten OKU Timur,2023,35,0
Kabupaten OKU Timur,2023,36,0
Kabupaten OKU Timur,2023,37,0
Kabupaten OKU Timur,2023,38,0
Kabupaten OKU Timur,2023,39,0
Kabupaten OKU Timur,2023,40,0
Kabupaten OKU Timur,2023,41,0
Kabupaten OKU Timur,2023,42,0
Kabupaten OKU Timur,2023,43,0
Kabupaten OKU Timur,2023,44,0
Kabupaten OKU Timur,2023,45,0
Kabupaten OKU Timur,2023,46,0
Kabupaten OKU Timur,2023,47,0
Kabupaten OKU Timur,2023,48,0
Kabupaten OKU Timur,2023,49,0
Kabupaten OKU Timur,2023,50,0
Kabupaten OKU Timur,2023,51,0
Kabupaten OKU Timur,2023,52,0
Kabupaten OKU Timur,2024,1,0
Kabupaten OKU Timur,2024,2,0
Kabupaten OKU Timur,2024,3,0
Kabupaten OKU Timur,2024,4,0
Kabupaten OKU Timur,2024,5,0
Kabupaten OKU Timur,2024,6,0
Kabupaten OKU Timur,2024,7,0
Kabupaten OKU Timur,2024,8,0
Kabupaten OKU Timur,2024,9,0
Kabupaten OKU Timur,2024,10,0
Kabupaten OKU Timur,2024,11,0
Kabupaten OKU Timur,2024,12,0
Kabupaten OKU Timur,2024,13,0
Kabupaten OKU Timur,2024,14,0
Kabupaten OKU Timur,2024,15,0
Kabupaten OKU Timur,2024,16,0
Kabupaten OKU Timur,2024,17,0
Kabupaten OKU Timur,2024,18,0
Kabupaten OKU Timur,2024,19,0
Kabupaten OKU Timur,2024,20,0
Kabupaten OKU Timur,2024,21,0
Kabupaten OKU Timur,2024,22,0
Kabupaten OKU Timur,2024,23,0
Kabupaten OKU Timur,2024,24,0
Kabupaten OKU Timur,2024,25,3
Kabupaten OKU Timur,2024,26,0
Kabupaten OKU Timur,2024,27,0
Kabupaten OKU Timur,2024,28,0
Kabupaten OKU Timur,2024,29,0
Kabupaten OKU Timur,2024,30,0
Kabupaten OKU Timur,2024,31,0
Kabupaten OKU Timur,2024,32,0
Kabupaten OKU Timur,2024,33,0
Kabupaten OKU Timur,2024,34,1
Kabupaten OKU Timur,2024,35,0
Kabupaten OKU Timur,2024,36,0
Kabupaten OKU Timur,2024,37,0
Kabupaten OKU Timur,2024,38,0
Kabupaten OKU Timur,2024,39,0
Kabupaten OKU Timur,2024,40,0
Kabupaten OKU Timur,2024,41,0
Kabupaten OKU Timur,2024,42,0
Kabupaten OKU Timur,2024,43,0
Kabupaten OKU Timur,2024,44,0
Kabupaten OKU Timur,2024,45,2
Kabupaten OKU Timur,2024,46,0
Kabupaten OKU Timur,2024,47,0
Kabupaten OKU Timur,2024,48,0
Kabupaten OKU Timur,2024,49,0
Kabupaten OKU Timur,2024,50,0
Kabupaten OKU Timur,2024,51,0
Kabupaten OKU Timur,2024,52,0
Kabupaten OKU Timur,2025,1,0
Kabupaten OKU Timur,2025,2,0
Kabupaten OKU Timur,2025,3,0
Kabupaten OKU Timur,2025,4,0
Kabupaten OKU Timur,2025,5,0
Kabupaten OKU Timur,2025,6,0
Kabupaten OKU Timur,2025,7,0
Kabupaten OKU Timur,2025,8,1
Kabupaten OKU Timur,2025,9,0
Kabupaten OKU Timur,2025,10,0
Kabupaten OKU Timur,2025,11,0
Kabupaten OKU Timur,2025,12,0
Kabupaten OKU Timur,2025,13,0
Kabupaten OKU Timur,2025,14,0
Kabupaten OKU Timur,2025,15,0
Kabupaten OKU Timur,2025,16,0
Kabupaten OKU Timur,2025,17,0
Kabupaten OKU Timur,2025,18,0
Kabupaten OKU Timur,2025,19,0
Kabupaten OKU Timur,2025,20,0
Kabupaten OKU Timur,2025,21,0
Kabupaten OKU Timur,2025,22,0
Kabupaten OKU Timur,2025,23,0
Kabupaten OKU Timur,2025,24,0
Kabupaten OKU Timur,2025,25,0
Kabupaten OKU Timur,2025,26,0
Kabupaten OKU Timur,2025,27,0
Kabupaten OKU Timur,2025,28,0
Kabupaten OKU Timur,2025,29,0
Kabupaten OKU Timur,2025,30,1
Kabupaten OKU Timur,2025,31,0
Kabupaten OKU Timur,2025,32,0
Kabupaten OKU Timur,2025,33,0
Kabupaten OKU Timur,2025,34,0
Kabupaten OKU Timur,2025,35,0
Kabupaten OKU Timur,2025,36,0
Kabupaten OKU Timur,2025,37,0
Kabupaten OKU Timur,2025,38,0
Kabupaten OKU Timur,2025,39,0
Kabupaten OKU Timur,2025,40,0
Kabupaten OKU Timur,2025,41,0
Kabupaten OKU Timur,2025,42,0
Kabupaten OKU Timur,2025,43,0
Kabupaten OKU Timur,2025,44,0
Kabupaten OKU Timur,2025,45,0
Kabupaten OKU Timur,2025,46,0
Kabupaten OKU Timur,2025,47,0
Kabupaten OKU Timur,2025,48,0
Kabupaten OKU Timur,2025,49,0
Kabupaten OKU Timur,2025,50,0
Kabupaten OKU Timur,2025,51,0
Kabupaten OKU Timur,2025,52,0
Kabupaten OKU Timur,2026,1,0
Kabupaten OKU Timur,2026,2,0
Kabupaten OKU Timur,2026,3,0
Kabupaten OKU Timur,2026,4,0
Kabupaten OKU Timur,2026,5,0
Kabupaten OKU Timur,2026,6,0
Kabupaten OKU Timur,2026,7,0
Kabupaten OKU Timur,2026,8,0
Kabupaten OKU Timur,2026,9,0
Kabupaten OKU Timur,2026,10,0
Kabupaten OKU Timur,2026,11,0
Kabupaten OKU Timur,2026,12,0
Kabupaten OKU Timur,2026,13,0
Kabupaten OKU Timur,2026,14,0
Kabupaten OKU Timur,2026,15,0
Kabupaten OKU Timur,2026,16,0
Kabupaten OKU Timur,2026,17,0
Kabupaten OKU Timur,2026,18,0
Kabupaten OKU Timur,2026,19,0
Kabupaten OKU Timur,2026,20,0
Kabupaten OKU Timur,2026,21,0
Kabupaten OKU Timur,2026,22,0
Kabupaten OKU Timur,2026,23,0
Kabupaten OKU Timur,2026,24,0
Kabupaten OKU Timur,2026,25,0
Kabupaten OKU Timur,2026,26,0
Kabupaten OKU Timur,2026,27,0
Kabupaten OKU Timur,2026,28,0
Kabupaten OKU Timur,2026,29,0
Kabupaten OKU Timur,2026,30,0
Kabupaten OKU Timur,2026,31,0
Kabupaten OKU Timur,2026,32,0
Kabupaten OKU Timur,2026,33,0
Kabupaten OKU Timur,2026,34,0
Kabupaten OKU Timur,2026,35,0
Kabupaten OKU Timur,2026,36,0
Kabupaten OKU Timur,2026,37,0
Kabupaten OKU Timur,2026,38,0
Kabupaten OKU Timur,2026,39,0
Kabupaten Ogan Ilir,2021,1,0
Kabupaten Ogan Ilir,2021,2,0
Kabupaten Ogan Ilir,2021,3,0
Kabupaten Ogan Ilir,2021,4,0
Kabupaten Ogan Ilir,2021,5,0
Kabupaten Ogan Ilir,2021,6,0
Kabupaten Ogan Ilir,2021,7,0
Kabupaten Ogan Ilir,2021,8,0
Kabupaten Ogan Ilir,2021,9,0
Kabupaten Ogan Ilir,2021,10,0
Kabupaten Ogan Ilir,2021,11,0
Kabupaten Ogan Ilir,2021,12,0
Kabupaten Ogan Ilir,2021,13,0
Kabupaten Ogan Ilir,2021,14,0
Kabupaten Ogan Ilir,2021,15,0
Kabupaten Ogan Ilir,2021,16,0
Kabupaten Ogan Ilir,2021,17,0
Kabupaten Ogan Ilir,2021,18,0
Kabupaten Ogan Ilir,2021,19,0
Kabupaten Ogan Ilir,2021,20,0
Kabupaten Ogan Ilir,2021,21,0
Kabupaten Ogan Ilir,2021,22,0
Kabupaten Ogan Ilir,2021,23,0
Kabupaten Ogan Ilir,2021,24,0
Kabupaten Ogan Ilir,2021,25,0
Kabupaten Ogan Ilir,2021,26,0
Kabupaten Ogan Ilir,2021,27,0
Kabupaten Ogan Ilir,2021,28,0
Kabupaten Ogan Ilir,2021,29,0
Kabupaten Ogan Ilir,2021,30,0
Kabupaten Ogan Ilir,2021,31,0
Kabupaten Ogan Ilir,2021,32,0
Kabupaten Ogan Ilir,2021,33,0
Kabupaten Ogan Ilir,2021,34,0
Kabupaten Ogan Ilir,2021,35,0
Kabupaten Ogan Ilir,2021,36,0
Kabupaten Ogan Ilir,2021,37,0
Kabupaten Ogan Ilir,2021,38,0
Kabupaten Ogan Ilir,2021,39,0
Kabupaten Ogan Ilir,2021,40,0
Kabupaten Ogan Ilir,2021,41,0
Kabupaten Ogan Ilir,2021,42,0
Kabupaten Ogan Ilir,2021,43,1
Kabupaten Ogan Ilir,2021,44,1
Kabupaten Ogan Ilir,2021,45,0
Kabupaten Ogan Ilir,2021,46,0
Kabupaten Ogan Ilir,2021,47,0
Kabupaten Ogan Ilir,2021,48,0
Kabupaten Ogan Ilir,2021,49,0
Kabupaten Ogan Ilir,2021,50,0
Kabupaten Ogan Ilir,2021,51,0
Kabupaten Ogan Ilir,2021,52,0
Kabupaten Ogan Ilir,2022,1,0
Kabupaten Ogan Ilir,2022,2,0
Kabupaten Ogan Ilir,2022,3,0
Kabupaten Ogan Ilir,2022,4,0
Kabupaten Ogan Ilir,2022,5,0
Kabupaten Ogan Ilir,2022,6,0
Kabupaten Ogan Ilir,2022,7,0
Kabupaten Ogan Ilir,2022,8,0
Kabupaten Ogan Ilir,2022,9,0
Kabupaten Ogan Ilir,2022,10,0
Kabupaten Ogan Ilir,2022,11,0
Kabupaten Ogan Ilir,2022,12,0
Kabupaten Ogan Ilir,2022,13,0
Kabupaten Ogan Ilir,2022,14,0
Kabupaten Ogan Ilir,2022,15,0
Kabupaten Ogan Ilir,2022,16,0
Kabupaten Ogan Ilir,2022,17,0
Kabupaten Ogan Ilir,2022,18,0
Kabupaten Ogan Ilir,2022,19,0
Kabupaten Ogan Ilir,2022,20,0
Kabupaten Ogan Ilir,2022,21,0
Kabupaten Ogan Ilir,2022,22,0
Kabupaten Ogan Ilir,2022,23,0
Kabupaten Ogan Ilir,2022,24,0
Kabupaten Ogan Ilir,2022,25,0
Kabupaten Ogan Ilir,2022,26,0
Kabupaten Ogan Ilir,2022,27,0
Kabupaten Ogan Ilir,2022,28,0
Kabupaten Ogan Ilir,2022,29,0
Kabupaten Ogan Ilir,2022,30,0
Kabupaten Ogan Ilir,2022,31,0
Kabupaten Ogan Ilir,2022,32,0
Kabupaten Ogan Ilir,2022,33,0
Kabupaten Ogan Ilir,2022,34,0
Kabupaten Ogan Ilir,2022,35,0
Kabupaten Ogan Ilir,2022,36,0
Kabupaten Ogan Ilir,2022,37,0
Kabupaten Ogan Ilir,2022,38,0
Kabupaten Ogan Ilir,2022,39,0
Kabupaten Ogan Ilir,2022,40,0
Kabupaten Ogan Ilir,2022,41,0
Kabupaten Ogan Ilir,2022,42,0
Kabupaten Ogan Ilir,2022,43,0
Kabupaten Ogan Ilir,2022,44,0
Kabupaten Ogan Ilir,2022,45,0
Kabupaten Ogan Ilir,2022,46,0
Kabupaten Ogan Ilir,2022,47,0
Kabupaten Ogan Ilir,2022,48,0
Kabupaten Ogan Ilir,2022,49,0
Kabupaten Ogan Ilir,2022,50,0
Kabupaten Ogan Ilir,2022,51,0
Kabupaten Ogan Ilir,2022,52,0
Kabupaten Ogan Ilir,2023,1,0
Kabupaten Ogan Ilir,2023,2,0
Kabupaten Ogan Ilir,2023,3,0
Kabupaten Ogan Ilir,2023,4,0
Kabupaten Ogan Ilir,2023,5,0
Kabupaten Ogan Ilir,2023,6,0
Kabupaten Ogan Ilir,2023,7,0
Kabupaten Ogan Ilir,2023,8,0
Kabupaten Ogan Ilir,2023,9,0
Kabupaten Ogan Ilir,2023,10,0
Kabupaten Ogan Ilir,2023,11,0
Kabupaten Ogan Ilir,2023,12,0
Kabupaten Ogan Ilir,2023,13,0
Kabupaten Ogan Ilir,2023,14,0
Kabupaten Ogan Ilir,2023,15,0
Kabupaten Ogan Ilir,2023,16,0
Kabupaten Ogan Ilir,2023,17,0
Kabupaten Ogan Ilir,2023,18,0
Kabupaten Ogan Ilir,2023,19,0
Kabupaten Ogan Ilir,2023,20,0
Kabupaten Ogan Ilir,2023,21,0
Kabupaten Ogan Ilir,2023,22,0
Kabupaten Ogan Ilir,2023,23,0
Kabupaten Ogan Ilir,2023,24,0
Kabupaten Ogan Ilir,2023,25,0
Kabupaten Ogan Ilir,2023,26,0
Kabupaten Ogan Ilir,2023,27,0
Kabupaten Ogan Ilir,2023,28,0
Kabupaten Ogan Ilir,2023,29,0
Kabupaten Ogan Ilir,2023,30,0
Kabupaten Ogan Ilir,2023,31,0
Kabupaten Ogan Ilir,2023,32,0
Kabupaten Ogan Ilir,2023,33,0
Kabupaten Ogan Ilir,2023,34,0
Kabupaten Ogan Ilir,2023,35,0
Kabupaten Ogan Ilir,2023,36,0
Kabupaten Ogan Ilir,2023,37,0
Kabupaten Ogan Ilir,2023,38,0
Kabupaten Ogan Ilir,2023,39,0
Kabupaten Ogan Ilir,2023,40,0
Kabupaten Ogan Ilir,2023,41,0
Kabupaten Ogan Ilir,2023,42,0
Kabupaten Ogan Ilir,2023,43,0
Kabupaten Ogan Ilir,2023,44,1
Kabupaten Ogan Ilir,2023,45,0
Kabupaten Ogan Ilir,2023,46,0
Kabupaten Ogan Ilir,2023,47,0
Kabupaten Ogan Ilir,2023,48,0
Kabupaten Ogan Ilir,2023,49,0
Kabupaten Ogan Ilir,2023,50,0
Kabupaten Ogan Ilir,2023,51,0
Kabupaten Ogan Ilir,2023,52,0
Kabupaten Ogan Ilir,2024,1,0
Kabupaten Ogan Ilir,2024,2,0
Kabupaten Ogan Ilir,2024,3,0
Kabupaten Ogan Ilir,2024,4,0
Kabupaten Ogan Ilir,2024,5,0
Kabupaten Ogan Ilir,2024,6,0
Kabupaten Ogan Ilir,2024,7,0
Kabupaten Ogan Ilir,2024,8,1
Kabupaten Ogan Ilir,2024,9,0
Kabupaten Ogan Ilir,2024,10,0
Kabupaten Ogan Ilir,2024,11,0
Kabupaten Ogan Ilir,2024,12,0
Kabupaten Ogan Ilir,2024,13,0
Kabupaten Ogan Ilir,2024,14,0
Kabupaten Ogan Ilir,2024,15,0
Kabupaten Ogan Ilir,2024,16,1
Kabupaten Ogan Ilir,2024,17,0
Kabupaten Ogan Ilir,2024,18,0
Kabupaten Ogan Ilir,2024,19,0
Kabupaten Ogan Ilir,2024,20,0
Kabupaten Ogan Ilir,2024,21,0
Kabupaten Ogan Ilir,2024,22,0
Kabupaten Ogan Ilir,2024,23,0
Kabupaten Ogan Ilir,2024,24,0
Kabupaten Ogan Ilir,2024,25,0
Kabupaten Ogan Ilir,2024,26,0
Kabupaten Ogan Ilir,2024,27,0
Kabupaten Ogan Ilir,2024,28,0
Kabupaten Ogan Ilir,2024,29,0
Kabupaten Ogan Ilir,2024,30,0
Kabupaten Ogan Ilir,2024,31,0
Kabupaten Ogan Ilir,2024,32,0
Kabupaten Ogan Ilir,2024,33,0
Kabupaten Ogan Ilir,2024,34,0
Kabupaten Ogan Ilir,2024,35,0
Kabupaten Ogan Ilir,2024,36,0
Kabupaten Ogan Ilir,2024,37,0
Kabupaten Ogan Ilir,2024,38,0
Kabupaten Ogan Ilir,2024,39,0
Kabupaten Ogan Ilir,2024,40,0
Kabupaten Ogan Ilir,2024,41,0
Kabupaten Ogan Ilir,2024,42,0
Kabupaten Ogan Ilir,2024,43,0
Kabupaten Ogan Ilir,2024,44,0
Kabupaten Ogan Ilir,2024,45,0
Kabupaten Ogan Ilir,2024,46,0
Kabupaten Ogan Ilir,2024,47,0
Kabupaten Ogan Ilir,2024,48,0
Kabupaten Ogan Ilir,2024,49,0
Kabupaten Ogan Ilir,2024,50,0
Kabupaten Ogan Ilir,2024,51,0
Kabupaten Ogan Ilir,2024,52,0
Kabupaten Ogan Ilir,2025,1,0
Kabupaten Ogan Ilir,2025,2,0
Kabupaten Ogan Ilir,2025,3,0
Kabupaten Ogan Ilir,2025,4,0
Kabupaten Ogan Ilir,2025,5,0
Kabupaten Ogan Ilir,2025,6,0
Kabupaten Ogan Ilir,2025,7,0
Kabupaten Ogan Ilir,2025,8,0
Kabupaten Ogan Ilir,2025,9,0
Kabupaten Ogan Ilir,2025,10,0
Kabupaten Ogan Ilir,2025,11,0
Kabupaten Ogan Ilir,2025,12,0
Kabupaten Ogan Ilir,2025,13,0
Kabupaten Ogan Ilir,2025,14,0
Kabupaten Ogan Ilir,2025,15,0
Kabupaten Ogan Ilir,2025,16,0
Kabupaten Ogan Ilir,2025,17,0
Kabupaten Ogan Ilir,2025,18,0
Kabupaten Ogan Ilir,2025,19,0
Kabupaten Ogan Ilir,2025,20,0
Kabupaten Ogan Ilir,2025,21,0
Kabupaten Ogan Ilir,2025,22,0
Kabupaten Ogan Ilir,2025,23,0
Kabupaten Ogan Ilir,2025,24,0
Kabupaten Ogan Ilir,2025,25,0
Kabupaten Ogan Ilir,2025,26,0
Kabupaten Ogan Ilir,2025,27,0
Kabupaten Ogan Ilir,2025,28,0
Kabupaten Ogan Ilir,2025,29,0
Kabupaten Ogan Ilir,2025,30,0
Kabupaten Ogan Ilir,2025,31,0
Kabupaten Ogan Ilir,2025,32,0
Kabupaten Ogan Ilir,2025,33,0
Kabupaten Ogan Ilir,2025,34,0
Kabupaten Ogan Ilir,2025,35,0
Kabupaten Ogan Ilir,2025,36,0
Kabupaten Ogan Ilir,2025,37,0
Kabupaten Ogan Ilir,2025,38,0
Kabupaten Ogan Ilir,2025,39,0
Kabupaten Ogan Ilir,2025,40,0
Kabupaten Ogan Ilir,2025,41,0
Kabupaten Ogan Ilir,2025,42,0
Kabupaten Ogan Ilir,2025,43,0
Kabupaten Ogan Ilir,2025,44,0
Kabupaten Ogan Ilir,2025,45,0
Kabupaten Ogan Ilir,2025,46,0
Kabupaten Ogan Ilir,2025,47,0
Kabupaten Ogan Ilir,2025,48,0
Kabupaten Ogan Ilir,2025,49,0
Kabupaten Ogan Ilir,2025,50,0
Kabupaten Ogan Ilir,2025,51,0
Kabupaten Ogan Ilir,2025,52,0
Kabupaten Ogan Ilir,2026,1,2
Kabupaten Ogan Ilir,2026,2,0
Kabupaten Ogan Ilir,2026,3,0
Kabupaten Ogan Ilir,2026,4,0
Kabupaten Ogan Ilir,2026,5,0
Kabupaten Ogan Ilir,2026,6,0
Kabupaten Ogan Ilir,2026,7,0
Kabupaten Ogan Ilir,2026,8,0
Kabupaten Ogan Ilir,2026,9,0
Kabupaten Ogan Ilir,2026,10,0
Kabupaten Ogan Ilir,2026,11,0
Kabupaten Ogan Ilir,2026,12,0
Kabupaten Ogan Ilir,2026,13,0
Kabupaten Ogan Ilir,2026,14,0
Kabupaten Ogan Ilir,2026,15,0
Kabupaten Ogan Ilir,2026,16,0
Kabupaten Ogan Ilir,2026,17,0
Kabupaten Ogan Ilir,2026,18,0
Kabupaten Ogan Ilir,2026,19,0
Kabupaten Ogan Ilir,2026,20,0
Kabupaten Ogan Ilir,2026,21,0
Kabupaten Ogan Ilir,2026,22,0
Kabupaten Ogan Ilir,2026,23,2
Kabupaten Ogan Ilir,2026,24,0
Kabupaten Ogan Ilir,2026,25,0
Kabupaten Ogan Ilir,2026,26,0
Kabupaten Ogan Ilir,2026,27,0
Kabupaten Ogan Ilir,2026,28,0
Kabupaten Ogan Ilir,2026,29,0
Kabupaten Ogan Ilir,2026,30,0
Kabupaten Ogan Ilir,2026,31,0
Kabupaten Ogan Ilir,2026,32,0
Kabupaten Ogan Ilir,2026,33,0
Kabupaten Ogan Ilir,2026,34,0
Kabupaten Ogan Ilir,2026,35,0
Kabupaten Ogan Ilir,2026,36,0
Kabupaten Ogan Ilir,2026,37,0
Kabupaten Ogan Ilir,2026,38,0
Kabupaten Ogan Ilir,2026,39,0
Kabupaten Ogan Komering Ilir,2021,1,0
Kabupaten Ogan Komering Ilir,2021,2,0
Kabupaten Ogan Komering Ilir,2021,3,0
Kabupaten Ogan Komering Ilir,2021,4,0
Kabupaten Ogan Komering Ilir,2021,5,0
Kabupaten Ogan Komering Ilir,2021,6,0
Kabupaten Ogan Komering Ilir,2021,7,0
Kabupaten Ogan Komering Ilir,2021,8,0
Kabupaten Ogan Komering Ilir,2021,9,0
Kabupaten Ogan Komering Ilir,2021,10,0
Kabupaten Ogan Komering Ilir,2021,11,0
Kabupaten Ogan Komering Ilir,2021,12,0
Kabupaten Ogan Komering Ilir,2021,13,7
Kabupaten Ogan Komering Ilir,2021,14,0
Kabupaten Ogan Komering Ilir,2021,15,0
Kabupaten Ogan Komering Ilir,2021,16,9
Kabupaten Ogan Komering Ilir,2021,17,5
Kabupaten Ogan Komering Ilir,2021,18,1
Kabupaten Ogan Komering Ilir,2021,19,0
Kabupaten Ogan Komering Ilir,2021,20,0
Kabupaten Ogan Komering Ilir,2021,21,0
Kabupaten Ogan Komering Ilir,2021,22,0
Kabupaten Ogan Komering Ilir,2021,23,0
Kabupaten Ogan Komering Ilir,2021,24,0
Kabupaten Ogan Komering Ilir,2021,25,0
Kabupaten Ogan Komering Ilir,2021,26,0
Kabupaten Ogan Komering Ilir,2021,27,0
Kabupaten Ogan Komering Ilir,2021,28,0
Kabupaten Ogan Komering Ilir,2021,29,0
Kabupaten Ogan Komering Ilir,2021,30,0
Kabupaten Ogan Komering Ilir,2021,31,0
Kabupaten Ogan Komering Ilir,2021,32,0
Kabupaten Ogan Komering Ilir,2021,33,0
Kabupaten Ogan Komering Ilir,2021,34,0
Kabupaten Ogan Komering Ilir,2021,35,0
Kabupaten Ogan Komering Ilir,2021,36,0
Kabupaten Ogan Komering Ilir,2021,37,0
Kabupaten Ogan Komering Ilir,2021,38,0
Kabupaten Ogan Komering Ilir,2021,39,0
Kabupaten Ogan Komering Ilir,2021,40,0
Kabupaten Ogan Komering Ilir,2021,41,0
Kabupaten Ogan Komering Ilir,2021,42,0
Kabupaten Ogan Komering Ilir,2021,43,0
Kabupaten Ogan Komering Ilir,2021,44,0
Kabupaten Ogan Komering Ilir,2021,45,0
Kabupaten Ogan Komering Ilir,2021,46,0
Kabupaten Ogan Komering Ilir,2021,47,0
Kabupaten Ogan Komering Ilir,2021,48,0
Kabupaten Ogan Komering Ilir,2021,49,0
Kabupaten Ogan Komering Ilir,2021,50,0
Kabupaten Ogan Komering Ilir,2021,51,0
Kabupaten Ogan Komering Ilir,2021,52,0
Kabupaten Ogan Komering Ilir,2022,1,0
Kabupaten Ogan Komering Ilir,2022,2,0
Kabupaten Ogan Komering Ilir,2022,3,0
Kabupaten Ogan Komering Ilir,2022,4,0
Kabupaten Ogan Komering Ilir,2022,5,0
Kabupaten Ogan Komering Ilir,2022,6,0
Kabupaten Ogan Komering Ilir,2022,7,0
Kabupaten Ogan Komering Ilir,2022,8,0
Kabupaten Ogan Komering Ilir,2022,9,0
Kabupaten Ogan Komering Ilir,2022,10,0
Kabupaten Ogan Komering Ilir,2022,11,0
Kabupaten Ogan Komering Ilir,2022,12,0
Kabupaten Ogan Komering Ilir,2022,13,0
Kabupaten Ogan Komering Ilir,2022,14,0
Kabupaten Ogan Komering Ilir,2022,15,0
Kabupaten Ogan Komering Ilir,2022,16,0
Kabupaten Ogan Komering Ilir,2022,17,0
Kabupaten Ogan Komering Ilir,2022,18,0
Kabupaten Ogan Komering Ilir,2022,19,0
Kabupaten Ogan Komering Ilir,2022,20,0
Kabupaten Ogan Komering Ilir,2022,21,0
Kabupaten Ogan Komering Ilir,2022,22,0
Kabupaten Ogan Komering Ilir,2022,23,0
Kabupaten Ogan Komering Ilir,2022,24,0
Kabupaten Ogan Komering Ilir,2022,25,0
Kabupaten Ogan Komering Ilir,2022,26,0
Kabupaten Ogan Komering Ilir,2022,27,0
Kabupaten Ogan Komering Ilir,2022,28,0
Kabupaten Ogan Komering Ilir,2022,29,0
Kabupaten Ogan Komering Ilir,2022,30,0
Kabupaten Ogan Komering Ilir,2022,31,0
Kabupaten Ogan Komering Ilir,2022,32,0
Kabupaten Ogan Komering Ilir,2022,33,0
Kabupaten Ogan Komering Ilir,2022,34,0
Kabupaten Ogan Komering Ilir,2022,35,0
Kabupaten Ogan Komering Ilir,2022,36,0
Kabupaten Ogan Komering Ilir,2022,37,0
Kabupaten Ogan Komering Ilir,2022,38,0
Kabupaten Ogan Komering Ilir,2022,39,0
Kabupaten Ogan Komering Ilir,2022,40,0
Kabupaten Ogan Komering Ilir,2022,41,0
Kabupaten Ogan Komering Ilir,2022,42,0
Kabupaten Ogan Komering Ilir,2022,43,0
Kabupaten Ogan Komering Ilir,2022,44,0
Kabupaten Ogan Komering Ilir,2022,45,0
Kabupaten Ogan Komering Ilir,2022,46,0
Kabupaten Ogan Komering Ilir,2022,47,0
Kabupaten Ogan Komering Ilir,2022,48,1
Kabupaten Ogan Komering Ilir,2022,49,0
Kabupaten Ogan Komering Ilir,2022,50,0
Kabupaten Ogan Komering Ilir,2022,51,0
Kabupaten Ogan Komering Ilir,2022,52,0
Kabupaten Ogan Komering Ilir,2023,1,0
Kabupaten Ogan Komering Ilir,2023,2,0
Kabupaten Ogan Komering Ilir,2023,3,0
Kabupaten Ogan Komering Ilir,2023,4,0
Kabupaten Ogan Komering Ilir,2023,5,0
Kabupaten Ogan Komering Ilir,2023,6,0
Kabupaten Ogan Komering Ilir,2023,7,0
Kabupaten Ogan Komering Ilir,2023,8,0
Kabupaten Ogan Komering Ilir,2023,9,0
Kabupaten Ogan Komering Ilir,2023,10,0
Kabupaten Ogan Komering Ilir,2023,11,0
Kabupaten Ogan Komering Ilir,2023,12,0
Kabupaten Ogan Komering Ilir,2023,13,0
Kabupaten Ogan Komering Ilir,2023,14,0
Kabupaten Ogan Komering Ilir,2023,15,0
Kabupaten Ogan Komering Ilir,2023,16,0
Kabupaten Ogan Komering Ilir,2023,17,0
Kabupaten Ogan Komering Ilir,2023,18,0
Kabupaten Ogan Komering Ilir,2023,19,0
Kabupaten Ogan Komering Ilir,2023,20,0
Kabupaten Ogan Komering Ilir,2023,21,0
Kabupaten Ogan Komering Ilir,2023,22,0
Kabupaten Ogan Komering Ilir,2023,23,0
Kabupaten Ogan Komering Ilir,2023,24,0
Kabupaten Ogan Komering Ilir,2023,25,0
Kabupaten Ogan Komering Ilir,2023,26,0
Kabupaten Ogan Komering Ilir,2023,27,0
Kabupaten Ogan Komering Ilir,2023,28,0
Kabupaten Ogan Komering Ilir,2023,29,0
Kabupaten Ogan Komering Ilir,2023,30,0
Kabupaten Ogan Komering Ilir,2023,31,0
Kabupaten Ogan Komering Ilir,2023,32,0
Kabupaten Ogan Komering Ilir,2023,33,0
Kabupaten Ogan Komering Ilir,2023,34,0
Kabupaten Ogan Komering Ilir,2023,35,0
Kabupaten Ogan Komering Ilir,2023,36,0
Kabupaten Ogan Komering Ilir,2023,37,0
Kabupaten Ogan Komering Ilir,2023,38,0
Kabupaten Ogan Komering Ilir,2023,39,0
Kabupaten Ogan Komering Ilir,2023,40,0
Kabupaten Ogan Komering Ilir,2023,41,0
Kabupaten Ogan Komering Ilir,2023,42,0
Kabupaten Ogan Komering Ilir,2023,43,0
Kabupaten Ogan Komering Ilir,2023,44,0
Kabupaten Ogan Komering Ilir,2023,45,0
Kabupaten Ogan Komering Ilir,2023,46,0
Kabupaten Ogan Komering Ilir,2023,47,0
Kabupaten Ogan Komering Ilir,2023,48,0
Kabupaten Ogan Komering Ilir,2023,49,0
Kabupaten Ogan Komering Ilir,2023,50,0
Kabupaten Ogan Komering Ilir,2023,51,0
Kabupaten Ogan Komering Ilir,2023,52,0
Kabupaten Ogan Komering Ilir,2024,1,0
Kabupaten Ogan Komering Ilir,2024,2,0
Kabupaten Ogan Komering Ilir,2024,3,0
Kabupaten Ogan Komering Ilir,2024,4,0
Kabupaten Ogan Komering Ilir,2024,5,0
Kabupaten Ogan Komering Ilir,2024,6,0
Kabupaten Ogan Komering Ilir,2024,7,0
Kabupaten Ogan Komering Ilir,2024,8,0
Kabupaten Ogan Komering Ilir,2024,9,0
Kabupaten Ogan Komering Ilir,2024,10,0
Kabupaten Ogan Komering Ilir,2024,11,0
Kabupaten Ogan Komering Ilir,2024,12,0
Kabupaten Ogan Komering Ilir,2024,13,0
Kabupaten Ogan Komering Ilir,2024,14,0
Kabupaten Ogan Komering Ilir,2024,15,0
Kabupaten Ogan Komering Ilir,2024,16,0
Kabupaten Ogan Komering Ilir,2024,17,0
Kabupaten Ogan Komering Ilir,2024,18,0
Kabupaten Ogan Komering Ilir,2024,19,0
Kabupaten Ogan Komering Ilir,2024,20,0
Kabupaten Ogan Komering Ilir,2024,21,0
Kabupaten Ogan Komering Ilir,2024,22,0
Kabupaten Ogan Komering Ilir,2024,23,0
Kabupaten Ogan Komering Ilir,2024,24,0
Kabupaten Ogan Komering Ilir,2024,25,0
Kabupaten Ogan Komering Ilir,2024,26,0
Kabupaten Ogan Komering Ilir,2024,27,0
Kabupaten Ogan Komering Ilir,2024,28,0
Kabupaten Ogan Komering Ilir,2024,29,0
Kabupaten Ogan Komering Ilir,2024,30,0
Kabupaten Ogan Komering Ilir,2024,31,0
Kabupaten Ogan Komering Ilir,2024,32,0
Kabupaten Ogan Komering Ilir,2024,33,0
Kabupaten Ogan Komering Ilir,2024,34,0
Kabupaten Ogan Komering Ilir,2024,35,0
Kabupaten Ogan Komering Ilir,2024,36,0
Kabupaten Ogan Komering Ilir,2024,37,0
Kabupaten Ogan Komering Ilir,2024,38,0
Kabupaten Ogan Komering Ilir,2024,39,0
Kabupaten Ogan Komering Ilir,2024,40,0
Kabupaten Ogan Komering Ilir,2024,41,0
Kabupaten Ogan Komering Ilir,2024,42,0
Kabupaten Ogan Komering Ilir,2024,43,0
Kabupaten Ogan Komering Ilir,2024,44,0
Kabupaten Ogan Komering Ilir,2024,45,0
Kabupaten Ogan Komering Ilir,2024,46,0
Kabupaten Ogan Komering Ilir,2024,47,0
Kabupaten Ogan Komering Ilir,2024,48,0
Kabupaten Ogan Komering Ilir,2024,49,0
Kabupaten Ogan Komering Ilir,2024,50,0
Kabupaten Ogan Komering Ilir,2024,51,0
Kabupaten Ogan Komering Ilir,2024,52,0
Kabupaten Ogan Komering Ilir,2025,1,0
Kabupaten Ogan Komering Ilir,2025,2,0
Kabupaten Ogan Komering Ilir,2025,3,0
Kabupaten Ogan Komering Ilir,2025,4,0
Kabupaten Ogan Komering Ilir,2025,5,0
Kabupaten Ogan Komering Ilir,2025,6,0
Kabupaten Ogan Komering Ilir,2025,7,0
Kabupaten Ogan Komering Ilir,2025,8,0
Kabupaten Ogan Komering Ilir,2025,9,0
Kabupaten Ogan Komering Ilir,2025,10,0
Kabupaten Ogan Komering Ilir,2025,11,0
Kabupaten Ogan Komering Ilir,2025,12,0
Kabupaten Ogan Komering Ilir,2025,13,0
Kabupaten Ogan Komering Ilir,2025,14,0
Kabupaten Ogan Komering Ilir,2025,15,0
Kabupaten Ogan Komering Ilir,2025,16,0
Kabupaten Ogan Komering Ilir,2025,17,0
Kabupaten Ogan Komering Ilir,2025,18,0
Kabupaten Ogan Komering Ilir,2025,19,0
Kabupaten Ogan Komering Ilir,2025,20,0
Kabupaten Ogan Komering Ilir,2025,21,0
Kabupaten Ogan Komering Ilir,2025,22,0
Kabupaten Ogan Komering Ilir,2025,23,0
Kabupaten Ogan Komering Ilir,2025,24,0
Kabupaten Ogan Komering Ilir,2025,25,0
Kabupaten Ogan Komering Ilir,2025,26,0
Kabupaten Ogan Komering Ilir,2025,27,0
Kabupaten Ogan Komering Ilir,2025,28,0
Kabupaten Ogan Komering Ilir,2025,29,0
Kabupaten Ogan Komering Ilir,2025,30,0
Kabupaten Ogan Komering Ilir,2025,31,0
Kabupaten Ogan Komering Ilir,2025,32,0
Kabupaten Ogan Komering Ilir,2025,33,0
Kabupaten Ogan Komering Ilir,2025,34,0
Kabupaten Ogan Komering Ilir,2025,35,0
Kabupaten Ogan Komering Ilir,2025,36,0
Kabupaten Ogan Komering Ilir,2025,37,0
Kabupaten Ogan Komering Ilir,2025,38,0
Kabupaten Ogan Komering Ilir,2025,39,0
Kabupaten Ogan Komering Ilir,2025,40,0
Kabupaten Ogan Komering Ilir,2025,41,0
Kabupaten Ogan Komering Ilir,2025,42,0
Kabupaten Ogan Komering Ilir,2025,43,0
Kabupaten Ogan Komering Ilir,2025,44,0
Kabupaten Ogan Komering Ilir,2025,45,0
Kabupaten Ogan Komering Ilir,2025,46,0
Kabupaten Ogan Komering Ilir,2025,47,0
Kabupaten Ogan Komering Ilir,2025,48,0
Kabupaten Ogan Komering Ilir,2025,49,0
Kabupaten Ogan Komering Ilir,2025,50,0
Kabupaten Ogan Komering Ilir,2025,51,0
Kabupaten Ogan Komering Ilir,2025,52,0
Kabupaten Ogan Komering Ilir,2026,1,0
Kabupaten Ogan Komering Ilir,2026,2,0
Kabupaten Ogan Komering Ilir,2026,3,0
Kabupaten Ogan Komering Ilir,2026,4,0
Kabupaten Ogan Komering Ilir,2026,5,0
Kabupaten Ogan Komering Ilir,2026,6,0
Kabupaten Ogan Komering Ilir,2026,7,0
Kabupaten Ogan Komering Ilir,2026,8,0
Kabupaten Ogan Komering Ilir,2026,9,0
Kabupaten Ogan Komering Ilir,2026,10,0
Kabupaten Ogan Komering Ilir,2026,11,0
Kabupaten Ogan Komering Ilir,2026,12,0
Kabupaten Ogan Komering Ilir,2026,13,0
Kabupaten Ogan Komering Ilir,2026,14,0
Kabupaten Ogan Komering Ilir,2026,15,0
Kabupaten Ogan Komering Ilir,2026,16,0
Kabupaten Ogan Komering Ilir,2026,17,0
Kabupaten Ogan Komering Ilir,2026,18,0
Kabupaten Ogan Komering Ilir,2026,19,0
Kabupaten Ogan Komering Ilir,2026,20,0
Kabupaten Ogan Komering Ilir,2026,21,0
Kabupaten Ogan Komering Ilir,2026,22,0
Kabupaten Ogan Komering Ilir,2026,23,0
Kabupaten Ogan Komering Ilir,2026,24,0
Kabupaten Ogan Komering Ilir,2026,25,0
Kabupaten Ogan Komering Ilir,2026,26,0
Kabupaten Ogan Komering Ilir,2026,27,0
Kabupaten Ogan Komering Ilir,2026,28,0
Kabupaten Ogan Komering Ilir,2026,29,0
Kabupaten Ogan Komering Ilir,2026,30,0
Kabupaten Ogan Komering Ilir,2026,31,0
Kabupaten Ogan Komering Ilir,2026,32,0
Kabupaten Ogan Komering Ilir,2026,33,0
Kabupaten Ogan Komering Ilir,2026,34,0
Kabupaten Ogan Komering Ilir,2026,35,0
Kabupaten Ogan Komering Ilir,2026,36,0
Kabupaten Ogan Komering Ilir,2026,37,0
Kabupaten Ogan Komering Ilir,2026,38,0
Kabupaten Ogan Komering Ilir,2026,39,0
Kabupaten Ogan Komering Ulu,2021,1,0
Kabupaten Ogan Komering Ulu,2021,2,0
Kabupaten Ogan Komering Ulu,2021,3,0
Kabupaten Ogan Komering Ulu,2021,4,0
Kabupaten Ogan Komering Ulu,2021,5,0
Kabupaten Ogan Komering Ulu,2021,6,0
Kabupaten Ogan Komering Ulu,2021,7,0
Kabupaten Ogan Komering Ulu,2021,8,0
Kabupaten Ogan Komering Ulu,2021,9,0
Kabupaten Ogan Komering Ulu,2021,10,0
Kabupaten Ogan Komering Ulu,2021,11,0
Kabupaten Ogan Komering Ulu,2021,12,0
Kabupaten Ogan Komering Ulu,2021,13,0
Kabupaten Ogan Komering Ulu,2021,14,0
Kabupaten Ogan Komering Ulu,2021,15,0
Kabupaten Ogan Komering Ulu,2021,16,0
Kabupaten Ogan Komering Ulu,2021,17,0
Kabupaten Ogan Komering Ulu,2021,18,0
Kabupaten Ogan Komering Ulu,2021,19,0
Kabupaten Ogan Komering Ulu,2021,20,0
Kabupaten Ogan Komering Ulu,2021,21,0
Kabupaten Ogan Komering Ulu,2021,22,0
Kabupaten Ogan Komering Ulu,2021,23,0
Kabupaten Ogan Komering Ulu,2021,24,0
Kabupaten Ogan Komering Ulu,2021,25,0
Kabupaten Ogan Komering Ulu,2021,26,0
Kabupaten Ogan Komering Ulu,2021,27,3
Kabupaten Ogan Komering Ulu,2021,28,0
Kabupaten Ogan Komering Ulu,2021,29,0
Kabupaten Ogan Komering Ulu,2021,30,0
Kabupaten Ogan Komering Ulu,2021,31,0
Kabupaten Ogan Komering Ulu,2021,32,0
Kabupaten Ogan Komering Ulu,2021,33,0
Kabupaten Ogan Komering Ulu,2021,34,0
Kabupaten Ogan Komering Ulu,2021,35,0
Kabupaten Ogan Komering Ulu,2021,36,0
Kabupaten Ogan Komering Ulu,2021,37,0
Kabupaten Ogan Komering Ulu,2021,38,0
Kabupaten Ogan Komering Ulu,2021,39,0
Kabupaten Ogan Komering Ulu,2021,40,0
Kabupaten Ogan Komering Ulu,2021,41,0
Kabupaten Ogan Komering Ulu,2021,42,0
Kabupaten Ogan Komering Ulu,2021,43,0
Kabupaten Ogan Komering Ulu,2021,44,0
Kabupaten Ogan Komering Ulu,2021,45,0
Kabupaten Ogan Komering Ulu,2021,46,0
Kabupaten Ogan Komering Ulu,2021,47,0
Kabupaten Ogan Komering Ulu,2021,48,0
Kabupaten Ogan Komering Ulu,2021,49,0
Kabupaten Ogan Komering Ulu,2021,50,0
Kabupaten Ogan Komering Ulu,2021,51,0
Kabupaten Ogan Komering Ulu,2021,52,0
Kabupaten Ogan Komering Ulu,2022,1,0
Kabupaten Ogan Komering Ulu,2022,2,0
Kabupaten Ogan Komering Ulu,2022,3,0
Kabupaten Ogan Komering Ulu,2022,4,1
Kabupaten Ogan Komering Ulu,2022,5,0
Kabupaten Ogan Komering Ulu,2022,6,0
Kabupaten Ogan Komering Ulu,2022,7,0
Kabupaten Ogan Komering Ulu,2022,8,0
Kabupaten Ogan Komering Ulu,2022,9,0
Kabupaten Ogan Komering Ulu,2022,10,0
Kabupaten Ogan Komering Ulu,2022,11,0
Kabupaten Ogan Komering Ulu,2022,12,0
Kabupaten Ogan Komering Ulu,2022,13,0
Kabupaten Ogan Komering Ulu,2022,14,0
Kabupaten Ogan Komering Ulu,2022,15,0
Kabupaten Ogan Komering Ulu,2022,16,0
Kabupaten Ogan Komering Ulu,2022,17,0
Kabupaten Ogan Komering Ulu,2022,18,0
Kabupaten Ogan Komering Ulu,2022,19,0
Kabupaten Ogan Komering Ulu,2022,20,0
Kabupaten Ogan Komering Ulu,2022,21,0
Kabupaten Ogan Komering Ulu,2022,22,0
Kabupaten Ogan Komering Ulu,2022,23,0
Kabupaten Ogan Komering Ulu,2022,24,0
Kabupaten Ogan Komering Ulu,2022,25,0
Kabupaten Ogan Komering Ulu,2022,26,0
Kabupaten Ogan Komering Ulu,2022,27,0
Kabupaten Ogan Komering Ulu,2022,28,0
Kabupaten Ogan Komering Ulu,2022,29,0
Kabupaten Ogan Komering Ulu,2022,30,0
Kabupaten Ogan Komering Ulu,2022,31,0
Kabupaten Ogan Komering Ulu,2022,32,0
Kabupaten Ogan Komering Ulu,2022,33,2
Kabupaten Ogan Komering Ulu,2022,34,0
Kabupaten Ogan Komering Ulu,2022,35,0
Kabupaten Ogan Komering Ulu,2022,36,1
Kabupaten Ogan Komering Ulu,2022,37,0
Kabupaten Ogan Komering Ulu,2022,38,0
Kabupaten Ogan Komering Ulu,2022,39,0
Kabupaten Ogan Komering Ulu,2022,40,0
Kabupaten Ogan Komering Ulu,2022,41,0
Kabupaten Ogan Komering Ulu,2022,42,0
Kabupaten Ogan Komering Ulu,2022,43,0
Kabupaten Ogan Komering Ulu,2022,44,0
Kabupaten Ogan Komering Ulu,2022,45,0
Kabupaten Ogan Komering Ulu,2022,46,0
Kabupaten Ogan Komering Ulu,2022,47,0
Kabupaten Ogan Komering Ulu,2022,48,0
Kabupaten Ogan Komering Ulu,2022,49,0
Kabupaten Ogan Komering Ulu,2022,50,0
Kabupaten Ogan Komering Ulu,2022,51,0
Kabupaten Ogan Komering Ulu,2022,52,0
Kabupaten Ogan Komering Ulu,2023,1,0
Kabupaten Ogan Komering Ulu,2023,2,0
Kabupaten Ogan Komering Ulu,2023,3,0
Kabupaten Ogan Komering Ulu,2023,4,0
Kabupaten Ogan Komering Ulu,2023,5,0
Kabupaten Ogan Komering Ulu,2023,6,0
Kabupaten Ogan Komering Ulu,2023,7,0
Kabupaten Ogan Komering Ulu,2023,8,0
Kabupaten Ogan Komering Ulu,2023,9,0
Kabupaten Ogan Komering Ulu,2023,10,0
Kabupaten Ogan Komering Ulu,2023,11,0
Kabupaten Ogan Komering Ulu,2023,12,0
Kabupaten Ogan Komering Ulu,2023,13,0
Kabupaten Ogan Komering Ulu,2023,14,0
Kabupaten Ogan Komering Ulu,2023,15,0
Kabupaten Ogan Komering Ulu,2023,16,0
Kabupaten Ogan Komering Ulu,2023,17,0
Kabupaten Ogan Komering Ulu,2023,18,0
Kabupaten Ogan Komering Ulu,2023,19,0
Kabupaten Ogan Komering Ulu,2023,20,0
Kabupaten Ogan Komering Ulu,2023,21,0
Kabupaten Ogan Komering Ulu,2023,22,0
Kabupaten Ogan Komering Ulu,2023,23,0
Kabupaten Ogan Komering Ulu,2023,24,0
Kabupaten Ogan Komering Ulu,2023,25,0
Kabupaten Ogan Komering Ulu,2023,26,0
Kabupaten Ogan Komering Ulu,2023,27,0
Kabupaten Ogan Komering Ulu,2023,28,0
Kabupaten Ogan Komering Ulu,2023,29,0
Kabupaten Ogan Komering Ulu,2023,30,0
Kabupaten Ogan Komering Ulu,2023,31,0
Kabupaten Ogan Komering Ulu,2023,32,0
Kabupaten Ogan Komering Ulu,2023,33,0
Kabupaten Ogan Komering Ulu,2023,34,0
Kabupaten Ogan Komering Ulu,2023,35,0
Kabupaten Ogan Komering Ulu,2023,36,0
Kabupaten Ogan Komering Ulu,2023,37,0
Kabupaten Ogan Komering Ulu,2023,38,0
Kabupaten Ogan Komering Ulu,2023,39,0
Kabupaten Ogan Komering Ulu,2023,40,0
Kabupaten Ogan Komering Ulu,2023,41,0
Kabupaten Ogan Komering Ulu,2023,42,0
Kabupaten Ogan Komering Ulu,2023,43,0
Kabupaten Ogan Komering Ulu,2023,44,0
Kabupaten Ogan Komering Ulu,2023,45,0
Kabupaten Ogan Komering Ulu,2023,46,0
Kabupaten Ogan Komering Ulu,2023,47,0
Kabupaten Ogan Komering Ulu,2023,48,0
Kabupaten Ogan Komering Ulu,2023,49,0
Kabupaten Ogan Komering Ulu,2023,50,0
Kabupaten Ogan Komering Ulu,2023,51,0
Kabupaten Ogan Komering Ulu,2023,52,0
Kabupaten Ogan Komering Ulu,2024,1,0
Kabupaten Ogan Komering Ulu,2024,2,0
Kabupaten Ogan Komering Ulu,2024,3,0
Kabupaten Ogan Komering Ulu,2024,4,0
Kabupaten Ogan Komering Ulu,2024,5,0
Kabupaten Ogan Komering Ulu,2024,6,0
Kabupaten Ogan Komering Ulu,2024,7,0
Kabupaten Ogan Komering Ulu,2024,8,1
Kabupaten Ogan Komering Ulu,2024,9,0
Kabupaten Ogan Komering Ulu,2024,10,0
Kabupaten Ogan Komering Ulu,2024,11,0
Kabupaten Ogan Komering Ulu,2024,12,1
Kabupaten Ogan Komering Ulu,2024,13,0
Kabupaten Ogan Komering Ulu,2024,14,0
Kabupaten Ogan Komering Ulu,2024,15,0
Kabupaten Ogan Komering Ulu,2024,16,0
Kabupaten Ogan Komering Ulu,2024,17,0
Kabupaten Ogan Komering Ulu,2024,18,0
Kabupaten Ogan Komering Ulu,2024,19,0
Kabupaten Ogan Komering Ulu,2024,20,0
Kabupaten Ogan Komering Ulu,2024,21,0
Kabupaten Ogan Komering Ulu,2024,22,0
Kabupaten Ogan Komering Ulu,2024,23,0
Kabupaten Ogan Komering Ulu,2024,24,0
Kabupaten Ogan Komering Ulu,2024,25,0
Kabupaten Ogan Komering Ulu,2024,26,0
Kabupaten Ogan Komering Ulu,2024,27,0
Kabupaten Ogan Komering Ulu,2024,28,0
Kabupaten Ogan Komering Ulu,2024,29,0
Kabupaten Ogan Komering Ulu,2024,30,0
Kabupaten Ogan Komering Ulu,2024,31,0
Kabupaten Ogan Komering Ulu,2024,32,0
Kabupaten Ogan Komering Ulu,2024,33,4
Kabupaten Ogan Komering Ulu,2024,34,0
Kabupaten Ogan Komering Ulu,2024,35,0
Kabupaten Ogan Komering Ulu,2024,36,0
Kabupaten Ogan Komering Ulu,2024,37,0
Kabupaten Ogan Komering Ulu,2024,38,0
Kabupaten Ogan Komering Ulu,2024,39,0
Kabupaten Ogan Komering Ulu,2024,40,0
Kabupaten Ogan Komering Ulu,2024,41,0
Kabupaten Ogan Komering Ulu,2024,42,0
Kabupaten Ogan Komering Ulu,2024,43,0
Kabupaten Ogan Komering Ulu,2024,44,0
Kabupaten Ogan Komering Ulu,2024,45,0
Kabupaten Ogan Komering Ulu,2024,46,0
Kabupaten Ogan Komering Ulu,2024,47,0
Kabupaten Ogan Komering Ulu,2024,48,0
Kabupaten Ogan Komering Ulu,2024,49,0
Kabupaten Ogan Komering Ulu,2024,50,0
Kabupaten Ogan Komering Ulu,2024,51,0
Kabupaten Ogan Komering Ulu,2024,52,0
Kabupaten Ogan Komering Ulu,2025,1,0
Kabupaten Ogan Komering Ulu,2025,2,0
Kabupaten Ogan Komering Ulu,2025,3,0
Kabupaten Ogan Komering Ulu,2025,4,0
Kabupaten Ogan Komering Ulu,2025,5,0
Kabupaten Ogan Komering Ulu,2025,6,0
Kabupaten Ogan Komering Ulu,2025,7,0
Kabupaten Ogan Komering Ulu,2025,8,0
Kabupaten Ogan Komering Ulu,2025,9,0
Kabupaten Ogan Komering Ulu,2025,10,0
Kabupaten Ogan Komering Ulu,2025,11,0
Kabupaten Ogan Komering Ulu,2025,12,0
Kabupaten Ogan Komering Ulu,2025,13,0
Kabupaten Ogan Komering Ulu,2025,14,0
Kabupaten Ogan Komering Ulu,2025,15,1
Kabupaten Ogan Komering Ulu,2025,16,0
Kabupaten Ogan Komering Ulu,2025,17,0
Kabupaten Ogan Komering Ulu,2025,18,0
Kabupaten Ogan Komering Ulu,2025,19,0
Kabupaten Ogan Komering Ulu,2025,20,0
Kabupaten Ogan Komering Ulu,2025,21,0
Kabupaten Ogan Komering Ulu,2025,22,0
Kabupaten Ogan Komering Ulu,2025,23,0
Kabupaten Ogan Komering Ulu,2025,24,0
Kabupaten Ogan Komering Ulu,2025,25,0
Kabupaten Ogan Komering Ulu,2025,26,0
Kabupaten Ogan Komering Ulu,2025,27,0
Kabupaten Ogan Komering Ulu,2025,28,0
Kabupaten Ogan Komering Ulu,2025,29,0
Kabupaten Ogan Komering Ulu,2025,30,0
Kabupaten Ogan Komering Ulu,2025,31,0
Kabupaten Ogan Komering Ulu,2025,32,0
Kabupaten Ogan Komering Ulu,2025,33,0
Kabupaten Ogan Komering Ulu,2025,34,1
Kabupaten Ogan Komering Ulu,2025,35,0
Kabupaten Ogan Komering Ulu,2025,36,0
Kabupaten Ogan Komering Ulu,2025,37,0
Kabupaten Ogan Komering Ulu,2025,38,0
Kabupaten Ogan Komering Ulu,2025,39,0
Kabupaten Ogan Komering Ulu,2025,40,0
Kabupaten Ogan Komering Ulu,2025,41,0
Kabupaten Ogan Komering Ulu,2025,42,0
Kabupaten Ogan Komering Ulu,2025,43,0
Kabupaten Ogan Komering Ulu,2025,44,0
Kabupaten Ogan Komering Ulu,2025,45,0
Kabupaten Ogan Komering Ulu,2025,46,0
Kabupaten Ogan Komering Ulu,2025,47,0
Kabupaten Ogan Komering Ulu,2025,48,0
Kabupaten Ogan Komering Ulu,2025,49,0
Kabupaten Ogan Komering Ulu,2025,50,0
Kabupaten Ogan Komering Ulu,2025,51,0
Kabupaten Ogan Komering Ulu,2025,52,0
Kabupaten Ogan Komering Ulu,2026,1,0
Kabupaten Ogan Komering Ulu,2026,2,0
Kabupaten Ogan Komering Ulu,2026,3,0
Kabupaten Ogan Komering Ulu,2026,4,0
Kabupaten Ogan Komering Ulu,2026,5,0
Kabupaten Ogan Komering Ulu,2026,6,0
Kabupaten Ogan Komering Ulu,2026,7,0
Kabupaten Ogan Komering Ulu,2026,8,0
Kabupaten Ogan Komering Ulu,2026,9,0
Kabupaten Ogan Komering Ulu,2026,10,1
Kabupaten Ogan Komering Ulu,2026,11,0
Kabupaten Ogan Komering Ulu,2026,12,0
Kabupaten Ogan Komering Ulu,2026,13,0
Kabupaten Ogan Komering Ulu,2026,14,0
Kabupaten Ogan Komering Ulu,2026,15,0
Kabupaten Ogan Komering Ulu,2026,16,0
Kabupaten Ogan Komering Ulu,2026,17,0
Kabupaten Ogan Komering Ulu,2026,18,0
Kabupaten Ogan Komering Ulu,2026,19,0
Kabupaten Ogan Komering Ulu,2026,20,0
Kabupaten Ogan Komering Ulu,2026,21,0
Kabupaten Ogan Komering Ulu,2026,22,0
Kabupaten Ogan Komering Ulu,2026,23,0
Kabupaten Ogan Komering Ulu,2026,24,0
Kabupaten Ogan Komering Ulu,2026,25,0
Kabupaten Ogan Komering Ulu,2026,26,0
Kabupaten Ogan Komering Ulu,2026,27,0
Kabupaten Ogan Komering Ulu,2026,28,0
Kabupaten Ogan Komering Ulu,2026,29,0
Kabupaten Ogan Komering Ulu,2026,30,0
Kabupaten Ogan Komering Ulu,2026,31,0
Kabupaten Ogan Komering Ulu,2026,32,0
Kabupaten Ogan Komering Ulu,2026,33,0
Kabupaten Ogan Komering Ulu,2026,34,0
Kabupaten Ogan Komering Ulu,2026,35,0
Kabupaten Ogan Komering Ulu,2026,36,0
Kabupaten Ogan Komering Ulu,2026,37,0
Kabupaten Ogan Komering Ulu,2026,38,0
Kabupaten Ogan Komering Ulu,2026,39,0
Kabupaten PALI,2021,1,0
Kabupaten PALI,2021,2,0
Kabupaten PALI,2021,3,0
Kabupaten PALI,2021,4,0
Kabupaten PALI,2021,5,0
Kabupaten PALI,2021,6,0
Kabupaten PALI,2021,7,0
Kabupaten PALI,2021,8,0
Kabupaten PALI,2021,9,0
Kabupaten PALI,2021,10,0
Kabupaten PALI,2021,11,0
Kabupaten PALI,2021,12,0
Kabupaten PALI,2021,13,0
Kabupaten PALI,2021,14,0
Kabupaten PALI,2021,15,0
Kabupaten PALI,2021,16,0
Kabupaten PALI,2021,17,0
Kabupaten PALI,2021,18,32
Kabupaten PALI,2021,19,0
Kabupaten PALI,2021,20,0
Kabupaten PALI,2021,21,0
Kabupaten PALI,2021,22,0
Kabupaten PALI,2021,23,0
Kabupaten PALI,2021,24,0
Kabupaten PALI,2021,25,0
Kabupaten PALI,2021,26,118
Kabupaten PALI,2021,27,0
Kabupaten PALI,2021,28,0
Kabupaten PALI,2021,29,0
Kabupaten PALI,2021,30,0
Kabupaten PALI,2021,31,0
Kabupaten PALI,2021,32,0
Kabupaten PALI,2021,33,0
Kabupaten PALI,2021,34,0
Kabupaten PALI,2021,35,0
Kabupaten PALI,2021,36,0
Kabupaten PALI,2021,37,0
Kabupaten PALI,2021,38,0
Kabupaten PALI,2021,39,0
Kabupaten PALI,2021,40,0
Kabupaten PALI,2021,41,0
Kabupaten PALI,2021,42,0
Kabupaten PALI,2021,43,0
Kabupaten PALI,2021,44,0
Kabupaten PALI,2021,45,0
Kabupaten PALI,2021,46,0
Kabupaten PALI,2021,47,0
Kabupaten PALI,2021,48,0
Kabupaten PALI,2021,49,0
Kabupaten PALI,2021,50,0
Kabupaten PALI,2021,51,0
Kabupaten PALI,2021,52,0
Kabupaten PALI,2022,1,0
Kabupaten PALI,2022,2,0
Kabupaten PALI,2022,3,0
Kabupaten PALI,2022,4,0
Kabupaten PALI,2022,5,0
Kabupaten PALI,2022,6,0
Kabupaten PALI,2022,7,0
Kabupaten PALI,2022,8,0
Kabupaten PALI,2022,9,0
Kabupaten PALI,2022,10,0
Kabupaten PALI,2022,11,0
Kabupaten PALI,2022,12,0
Kabupaten PALI,2022,13,0
Kabupaten PALI,2022,14,0
Kabupaten PALI,2022,15,0
Kabupaten PALI,2022,16,0
Kabupaten PALI,2022,17,0
Kabupaten PALI,2022,18,0
Kabupaten PALI,2022,19,0
Kabupaten PALI,2022,20,0
Kabupaten PALI,2022,21,0
Kabupaten PALI,2022,22,0
Kabupaten PALI,2022,23,0
Kabupaten PALI,2022,24,0
Kabupaten PALI,2022,25,37
Kabupaten PALI,2022,26,0
Kabupaten PALI,2022,27,0
Kabupaten PALI,2022,28,0
Kabupaten PALI,2022,29,0
Kabupaten PALI,2022,30,0
Kabupaten PALI,2022,31,0
Kabupaten PALI,2022,32,0
Kabupaten PALI,2022,33,0
Kabupaten PALI,2022,34,0
Kabupaten PALI,2022,35,0
Kabupaten PALI,2022,36,0
Kabupaten PALI,2022,37,0
Kabupaten PALI,2022,38,0
Kabupaten PALI,2022,39,0
Kabupaten PALI,2022,40,0
Kabupaten PALI,2022,41,0
Kabupaten PALI,2022,42,0
Kabupaten PALI,2022,43,0
Kabupaten PALI,2022,44,0
Kabupaten PALI,2022,45,0
Kabupaten PALI,2022,46,0
Kabupaten PALI,2022,47,0
Kabupaten PALI,2022,48,0
Kabupaten PALI,2022,49,0
Kabupaten PALI,2022,50,0
Kabupaten PALI,2022,51,0
Kabupaten PALI,2022,52,0
Kabupaten PALI,2023,1,0
Kabupaten PALI,2023,2,0
Kabupaten PALI,2023,3,0
Kabupaten PALI,2023,4,0
Kabupaten PALI,2023,5,0
Kabupaten PALI,2023,6,0
Kabupaten PALI,2023,7,0
Kabupaten PALI,2023,8,0
Kabupaten PALI,2023,9,0
Kabupaten PALI,2023,10,0
Kabupaten PALI,2023,11,0
Kabupaten PALI,2023,12,0
Kabupaten PALI,2023,13,0
Kabupaten PALI,2023,14,0
Kabupaten PALI,2023,15,0
Kabupaten PALI,2023,16,0
Kabupaten PALI,2023,17,0
Kabupaten PALI,2023,18,0
Kabupaten PALI,2023,19,0
Kabupaten PALI,2023,20,0
Kabupaten PALI,2023,21,0
Kabupaten PALI,2023,22,0
Kabupaten PALI,2023,23,0
Kabupaten PALI,2023,24,0
Kabupaten PALI,2023,25,0
Kabupaten PALI,2023,26,0
Kabupaten PALI,2023,27,0
Kabupaten PALI,2023,28,0
Kabupaten PALI,2023,29,0
Kabupaten PALI,2023,30,0
Kabupaten PALI,2023,31,0
Kabupaten PALI,2023,32,0
Kabupaten PALI,2023,33,0
Kabupaten PALI,2023,34,0
Kabupaten PALI,2023,35,0
Kabupaten PALI,2023,36,0
Kabupaten PALI,2023,37,0
Kabupaten PALI,2023,38,0
Kabupaten PALI,2023,39,0
Kabupaten PALI,2023,40,0
Kabupaten PALI,2023,41,0
Kabupaten PALI,2023,42,0
Kabupaten PALI,2023,43,0
Kabupaten PALI,2023,44,0
Kabupaten PALI,2023,45,0
Kabupaten PALI,2023,46,0
Kabupaten PALI,2023,47,0
Kabupaten PALI,2023,48,0
Kabupaten PALI,2023,49,0
Kabupaten PALI,2023,50,0
Kabupaten PALI,2023,51,0
Kabupaten PALI,2023,52,0
Kabupaten PALI,2024,1,0
Kabupaten PALI,2024,2,0
Kabupaten PALI,2024,3,0
Kabupaten PALI,2024,4,0
Kabupaten PALI,2024,5,0
Kabupaten PALI,2024,6,0
Kabupaten PALI,2024,7,0
Kabupaten PALI,2024,8,0
Kabupaten PALI,2024,9,0
Kabupaten PALI,2024,10,0
Kabupaten PALI,2024,11,0
Kabupaten PALI,2024,12,0
Kabupaten PALI,2024,13,0
Kabupaten PALI,2024,14,0
Kabupaten PALI,2024,15,0
Kabupaten PALI,2024,16,0
Kabupaten PALI,2024,17,0
Kabupaten PALI,2024,18,0
Kabupaten PALI,2024,19,0
Kabupaten PALI,2024,20,0
Kabupaten PALI,2024,21,0
Kabupaten PALI,2024,22,0
Kabupaten PALI,2024,23,0
Kabupaten PALI,2024,24,0
Kabupaten PALI,2024,25,0
Kabupaten PALI,2024,26,0
Kabupaten PALI,2024,27,0
Kabupaten PALI,2024,28,0
Kabupaten PALI,2024,29,0
Kabupaten PALI,2024,30,0
Kabupaten PALI,2024,31,0
Kabupaten PALI,2024,32,0
Kabupaten PALI,2024,33,0
Kabupaten PALI,2024,34,0
Kabupaten PALI,2024,35,0
Kabupaten PALI,2024,36,0
Kabupaten PALI,2024,37,0
Kabupaten PALI,2024,38,0
Kabupaten PALI,2024,39,0
Kabupaten PALI,2024,40,0
Kabupaten PALI,2024,41,0
Kabupaten PALI,2024,42,0
Kabupaten PALI,2024,43,0
Kabupaten PALI,2024,44,0
Kabupaten PALI,2024,45,0
Kabupaten PALI,2024,46,0
Kabupaten PALI,2024,47,0
Kabupaten PALI,2024,48,0
Kabupaten PALI,2024,49,0
Kabupaten PALI,2024,50,0
Kabupaten PALI,2024,51,0
Kabupaten PALI,2024,52,0
Kabupaten PALI,2025,1,0
Kabupaten PALI,2025,2,0
Kabupaten PALI,2025,3,0
Kabupaten PALI,2025,4,0
Kabupaten PALI,2025,5,0
Kabupaten PALI,2025,6,0
Kabupaten PALI,2025,7,0
Kabupaten PALI,2025,8,0
Kabupaten PALI,2025,9,0
Kabupaten PALI,2025,10,0
Kabupaten PALI,2025,11,0
Kabupaten PALI,2025,12,0
Kabupaten PALI,2025,13,0
Kabupaten PALI,2025,14,0
Kabupaten PALI,2025,15,0
Kabupaten PALI,2025,16,0
Kabupaten PALI,2025,17,0
Kabupaten PALI,2025,18,0
Kabupaten PALI,2025,19,0
Kabupaten PALI,2025,20,0
Kabupaten PALI,2025,21,0
Kabupaten PALI,2025,22,0
Kabupaten PALI,2025,23,0
Kabupaten PALI,2025,24,0
Kabupaten PALI,2025,25,0
Kabupaten PALI,2025,26,0
Kabupaten PALI,2025,27,0
Kabupaten PALI,2025,28,0
Kabupaten PALI,2025,29,0
Kabupaten PALI,2025,30,0
Kabupaten PALI,2025,31,0
Kabupaten PALI,2025,32,0
Kabupaten PALI,2025,33,0
Kabupaten PALI,2025,34,0
Kabupaten PALI,2025,35,0
Kabupaten PALI,2025,36,0
Kabupaten PALI,2025,37,0
Kabupaten PALI,2025,38,0
Kabupaten PALI,2025,39,0
Kabupaten PALI,2025,40,0
Kabupaten PALI,2025,41,0
Kabupaten PALI,2025,42,0
Kabupaten PALI,2025,43,0
Kabupaten PALI,2025,44,0
Kabupaten PALI,2025,45,0
Kabupaten PALI,2025,46,0
Kabupaten PALI,2025,47,0
Kabupaten PALI,2025,48,0
Kabupaten PALI,2025,49,0
Kabupaten PALI,2025,50,0
Kabupaten PALI,2025,51,0
Kabupaten PALI,2025,52,0
Kabupaten PALI,2026,1,0
Kabupaten PALI,2026,2,0
Kabupaten PALI,2026,3,0
Kabupaten PALI,2026,4,0
Kabupaten PALI,2026,5,0
Kabupaten PALI,2026,6,0
Kabupaten PALI,2026,7,0
Kabupaten PALI,2026,8,0
Kabupaten PALI,2026,9,0
Kabupaten PALI,2026,10,0
Kabupaten PALI,2026,11,0
Kabupaten PALI,2026,12,0
Kabupaten PALI,2026,13,0
Kabupaten PALI,2026,14,0
Kabupaten PALI,2026,15,0
Kabupaten PALI,2026,16,0
Kabupaten PALI,2026,17,0
Kabupaten PALI,2026,18,0
Kabupaten PALI,2026,19,0
Kabupaten PALI,2026,20,0
Kabupaten PALI,2026,21,0
Kabupaten PALI,2026,22,0
Kabupaten PALI,2026,23,0
Kabupaten PALI,2026,24,0
Kabupaten PALI,2026,25,0
Kabupaten PALI,2026,26,0
Kabupaten PALI,2026,27,0
Kabupaten PALI,2026,28,0
Kabupaten PALI,2026,29,0
Kabupaten PALI,2026,30,0
Kabupaten PALI,2026,31,0
Kabupaten PALI,2026,32,0
Kabupaten PALI,2026,33,0
Kabupaten PALI,2026,34,0
Kabupaten PALI,2026,35,0
Kabupaten PALI,2026,36,0
Kabupaten PALI,2026,37,0
Kabupaten PALI,2026,38,0
Kabupaten PALI,2026,39,0
Kota Lubuk Linggau,2021,1,0
Kota Lubuk Linggau,2021,2,0
Kota Lubuk Linggau,2021,3,0
Kota Lubuk Linggau,2021,4,0
Kota Lubuk Linggau,2021,5,0
Kota Lubuk Linggau,2021,6,0
Kota Lubuk Linggau,2021,7,0
Kota Lubuk Linggau,2021,8,0
Kota Lubuk Linggau,2021,9,0
Kota Lubuk Linggau,2021,10,0
Kota Lubuk Linggau,2021,11,0
Kota Lubuk Linggau,2021,12,0
Kota Lubuk Linggau,2021,13,0
Kota Lubuk Linggau,2021,14,0
Kota Lubuk Linggau,2021,15,0
Kota Lubuk Linggau,2021,16,0
Kota Lubuk Linggau,2021,17,0
Kota Lubuk Linggau,2021,18,0
Kota Lubuk Linggau,2021,19,0
Kota Lubuk Linggau,2021,20,0
Kota Lubuk Linggau,2021,21,0
Kota Lubuk Linggau,2021,22,0
Kota Lubuk Linggau,2021,23,0
Kota Lubuk Linggau,2021,24,0
Kota Lubuk Linggau,2021,25,0
Kota Lubuk Linggau,2021,26,0
Kota Lubuk Linggau,2021,27,0
Kota Lubuk Linggau,2021,28,0
Kota Lubuk Linggau,2021,29,0
Kota Lubuk Linggau,2021,30,0
Kota Lubuk Linggau,2021,31,0
Kota Lubuk Linggau,2021,32,0
Kota Lubuk Linggau,2021,33,0
Kota Lubuk Linggau,2021,34,0
Kota Lubuk Linggau,2021,35,0
Kota Lubuk Linggau,2021,36,0
Kota Lubuk Linggau,2021,37,0
Kota Lubuk Linggau,2021,38,0
Kota Lubuk Linggau,2021,39,0
Kota Lubuk Linggau,2021,40,0
Kota Lubuk Linggau,2021,41,0
Kota Lubuk Linggau,2021,42,0
Kota Lubuk Linggau,2021,43,0
Kota Lubuk Linggau,2021,44,0
Kota Lubuk Linggau,2021,45,0
Kota Lubuk Linggau,2021,46,0
Kota Lubuk Linggau,2021,47,0
Kota Lubuk Linggau,2021,48,0
Kota Lubuk Linggau,2021,49,0
Kota Lubuk Linggau,2021,50,0
Kota Lubuk Linggau,2021,51,0
Kota Lubuk Linggau,2021,52,0
Kota Lubuk Linggau,2022,1,0
Kota Lubuk Linggau,2022,2,0
Kota Lubuk Linggau,2022,3,0
Kota Lubuk Linggau,2022,4,0
Kota Lubuk Linggau,2022,5,0
Kota Lubuk Linggau,2022,6,0
Kota Lubuk Linggau,2022,7,0
Kota Lubuk Linggau,2022,8,0
Kota Lubuk Linggau,2022,9,0
Kota Lubuk Linggau,2022,10,0
Kota Lubuk Linggau,2022,11,0
Kota Lubuk Linggau,2022,12,0
Kota Lubuk Linggau,2022,13,0
Kota Lubuk Linggau,2022,14,0
Kota Lubuk Linggau,2022,15,0
Kota Lubuk Linggau,2022,16,0
Kota Lubuk Linggau,2022,17,0
Kota Lubuk Linggau,2022,18,0
Kota Lubuk Linggau,2022,19,0
Kota Lubuk Linggau,2022,20,1
Kota Lubuk Linggau,2022,21,0
Kota Lubuk Linggau,2022,22,0
Kota Lubuk Linggau,2022,23,0
Kota Lubuk Linggau,2022,24,0
Kota Lubuk Linggau,2022,25,0
Kota Lubuk Linggau,2022,26,0
Kota Lubuk Linggau,2022,27,0
Kota Lubuk Linggau,2022,28,0
Kota Lubuk Linggau,2022,29,0
Kota Lubuk Linggau,2022,30,0
Kota Lubuk Linggau,2022,31,0
Kota Lubuk Linggau,2022,32,0
Kota Lubuk Linggau,2022,33,0
Kota Lubuk Linggau,2022,34,0
Kota Lubuk Linggau,2022,35,0
Kota Lubuk Linggau,2022,36,0
Kota Lubuk Linggau,2022,37,0
Kota Lubuk Linggau,2022,38,0
Kota Lubuk Linggau,2022,39,0
Kota Lubuk Linggau,2022,40,0
Kota Lubuk Linggau,2022,41,0
Kota Lubuk Linggau,2022,42,1
Kota Lubuk Linggau,2022,43,0
Kota Lubuk Linggau,2022,44,0
Kota Lubuk Linggau,2022,45,0
Kota Lubuk Linggau,2022,46,0
Kota Lubuk Linggau,2022,47,0
Kota Lubuk Linggau,2022,48,0
Kota Lubuk Linggau,2022,49,0
Kota Lubuk Linggau,2022,50,0
Kota Lubuk Linggau,2022,51,0
Kota Lubuk Linggau,2022,52,0
Kota Lubuk Linggau,2023,1,0
Kota Lubuk Linggau,2023,2,0
Kota Lubuk Linggau,2023,3,0
Kota Lubuk Linggau,2023,4,0
Kota Lubuk Linggau,2023,5,0
Kota Lubuk Linggau,2023,6,1
Kota Lubuk Linggau,2023,7,0
Kota Lubuk Linggau,2023,8,0
Kota Lubuk Linggau,2023,9,0
Kota Lubuk Linggau,2023,10,0
Kota Lubuk Linggau,2023,11,0
Kota Lubuk Linggau,2023,12,0
Kota Lubuk Linggau,2023,13,0
Kota Lubuk Linggau,2023,14,0
Kota Lubuk Linggau,2023,15,0
Kota Lubuk Linggau,2023,16,0
Kota Lubuk Linggau,2023,17,0
Kota Lubuk Linggau,2023,18,0
Kota Lubuk Linggau,2023,19,0
Kota Lubuk Linggau,2023,20,0
Kota Lubuk Linggau,2023,21,0
Kota Lubuk Linggau,2023,22,0
Kota Lubuk Linggau,2023,23,0
Kota Lubuk Linggau,2023,24,0
Kota Lubuk Linggau,2023,25,0
Kota Lubuk Linggau,2023,26,0
Kota Lubuk Linggau,2023,27,0
Kota Lubuk Linggau,2023,28,0
Kota Lubuk Linggau,2023,29,0
Kota Lubuk Linggau,2023,30,0
Kota Lubuk Linggau,2023,31,0
Kota Lubuk Linggau,2023,32,0
Kota Lubuk Linggau,2023,33,1
Kota Lubuk Linggau,2023,34,0
Kota Lubuk Linggau,2023,35,0
Kota Lubuk Linggau,2023,36,0
Kota Lubuk Linggau,2023,37,0
Kota Lubuk Linggau,2023,38,0
Kota Lubuk Linggau,2023,39,0
Kota Lubuk Linggau,2023,40,0
Kota Lubuk Linggau,2023,41,0
Kota Lubuk Linggau,2023,42,0
Kota Lubuk Linggau,2023,43,0
Kota Lubuk Linggau,2023,44,0
Kota Lubuk Linggau,2023,45,0
Kota Lubuk Linggau,2023,46,0
Kota Lubuk Linggau,2023,47,0
Kota Lubuk Linggau,2023,48,0
Kota Lubuk Linggau,2023,49,0
Kota Lubuk Linggau,2023,50,0
Kota Lubuk Linggau,2023,51,0
Kota Lubuk Linggau,2023,52,0
Kota Lubuk Linggau,2024,1,0
Kota Lubuk Linggau,2024,2,0
Kota Lubuk Linggau,2024,3,0
Kota Lubuk Linggau,2024,4,0
Kota Lubuk Linggau,2024,5,0
Kota Lubuk Linggau,2024,6,0
Kota Lubuk Linggau,2024,7,0
Kota Lubuk Linggau,2024,8,0
Kota Lubuk Linggau,2024,9,0
Kota Lubuk Linggau,2024,10,1
Kota Lubuk Linggau,2024,11,0
Kota Lubuk Linggau,2024,12,2
Kota Lubuk Linggau,2024,13,0
Kota Lubuk Linggau,2024,14,0
Kota Lubuk Linggau,2024,15,0
Kota Lubuk Linggau,2024,16,0
Kota Lubuk Linggau,2024,17,0
Kota Lubuk Linggau,2024,18,0
Kota Lubuk Linggau,2024,19,0
Kota Lubuk Linggau,2024,20,0
Kota Lubuk Linggau,2024,21,0
Kota Lubuk Linggau,2024,22,0
Kota Lubuk Linggau,2024,23,0
Kota Lubuk Linggau,2024,24,0
Kota Lubuk Linggau,2024,25,0
Kota Lubuk Linggau,2024,26,0
Kota Lubuk Linggau,2024,27,0
Kota Lubuk Linggau,2024,28,0
Kota Lubuk Linggau,2024,29,0
Kota Lubuk Linggau,2024,30,0
Kota Lubuk Linggau,2024,31,0
Kota Lubuk Linggau,2024,32,0
Kota Lubuk Linggau,2024,33,0
Kota Lubuk Linggau,2024,34,1
Kota Lubuk Linggau,2024,35,0
Kota Lubuk Linggau,2024,36,0
Kota Lubuk Linggau,2024,37,0
Kota Lubuk Linggau,2024,38,0
Kota Lubuk Linggau,2024,39,0
Kota Lubuk Linggau,2024,40,0
Kota Lubuk Linggau,2024,41,0
Kota Lubuk Linggau,2024,42,0
Kota Lubuk Linggau,2024,43,0
Kota Lubuk Linggau,2024,44,0
Kota Lubuk Linggau,2024,45,0
Kota Lubuk Linggau,2024,46,0
Kota Lubuk Linggau,2024,47,0
Kota Lubuk Linggau,2024,48,0
Kota Lubuk Linggau,2024,49,0
Kota Lubuk Linggau,2024,50,0
Kota Lubuk Linggau,2024,51,0
Kota Lubuk Linggau,2024,52,0
Kota Lubuk Linggau,2025,1,0
Kota Lubuk Linggau,2025,2,0
Kota Lubuk Linggau,2025,3,0
Kota Lubuk Linggau,2025,4,0
Kota Lubuk Linggau,2025,5,0
Kota Lubuk Linggau,2025,6,0
Kota Lubuk Linggau,2025,7,0
Kota Lubuk Linggau,2025,8,0
Kota Lubuk Linggau,2025,9,0
Kota Lubuk Linggau,2025,10,0
Kota Lubuk Linggau,2025,11,0
Kota Lubuk Linggau,2025,12,0
Kota Lubuk Linggau,2025,13,0
Kota Lubuk Linggau,2025,14,0
Kota Lubuk Linggau,2025,15,0
Kota Lubuk Linggau,2025,16,0
Kota Lubuk Linggau,2025,17,0
Kota Lubuk Linggau,2025,18,0
Kota Lubuk Linggau,2025,19,0
Kota Lubuk Linggau,2025,20,0
Kota Lubuk Linggau,2025,21,0
Kota Lubuk Linggau,2025,22,0
Kota Lubuk Linggau,2025,23,0
Kota Lubuk Linggau,2025,24,0
Kota Lubuk Linggau,2025,25,0
Kota Lubuk Linggau,2025,26,0
Kota Lubuk Linggau,2025,27,0
Kota Lubuk Linggau,2025,28,0
Kota Lubuk Linggau,2025,29,0
Kota Lubuk Linggau,2025,30,0
Kota Lubuk Linggau,2025,31,0
Kota Lubuk Linggau,2025,32,0
Kota Lubuk Linggau,2025,33,0
Kota Lubuk Linggau,2025,34,0
Kota Lubuk Linggau,2025,35,0
Kota Lubuk Linggau,2025,36,0
Kota Lubuk Linggau,2025,37,0
Kota Lubuk Linggau,2025,38,0
Kota Lubuk Linggau,2025,39,0
Kota Lubuk Linggau,2025,40,0
Kota Lubuk Linggau,2025,41,0
Kota Lubuk Linggau,2025,42,0
Kota Lubuk Linggau,2025,43,0
Kota Lubuk Linggau,2025,44,0
Kota Lubuk Linggau,2025,45,0
Kota Lubuk Linggau,2025,46,0
Kota Lubuk Linggau,2025,47,0
Kota Lubuk Linggau,2025,48,0
Kota Lubuk Linggau,2025,49,0
Kota Lubuk Linggau,2025,50,0
Kota Lubuk Linggau,2025,51,0
Kota Lubuk Linggau,2025,52,0
Kota Lubuk Linggau,2026,1,0
Kota Lubuk Linggau,2026,2,0
Kota Lubuk Linggau,2026,3,0
Kota Lubuk Linggau,2026,4,0
Kota Lubuk Linggau,2026,5,0
Kota Lubuk Linggau,2026,6,0
Kota Lubuk Linggau,2026,7,0
Kota Lubuk Linggau,2026,8,0
Kota Lubuk Linggau,2026,9,0
Kota Lubuk Linggau,2026,10,0
Kota Lubuk Linggau,2026,11,0
Kota Lubuk Linggau,2026,12,0
Kota Lubuk Linggau,2026,13,0
Kota Lubuk Linggau,2026,14,0
Kota Lubuk Linggau,2026,15,0
Kota Lubuk Linggau,2026,16,0
Kota Lubuk Linggau,2026,17,1
Kota Lubuk Linggau,2026,18,0
Kota Lubuk Linggau,2026,19,0
Kota Lubuk Linggau,2026,20,0
Kota Lubuk Linggau,2026,21,0
Kota Lubuk Linggau,2026,22,0
Kota Lubuk Linggau,2026,23,0
Kota Lubuk Linggau,2026,24,0
Kota Lubuk Linggau,2026,25,0
Kota Lubuk Linggau,2026,26,0
Kota Lubuk Linggau,2026,27,0
Kota Lubuk Linggau,2026,28,0
Kota Lubuk Linggau,2026,29,0
Kota Lubuk Linggau,2026,30,0
Kota Lubuk Linggau,2026,31,0
Kota Lubuk Linggau,2026,32,0
Kota Lubuk Linggau,2026,33,0
Kota Lubuk Linggau,2026,34,0
Kota Lubuk Linggau,2026,35,0
Kota Lubuk Linggau,2026,36,0
Kota Lubuk Linggau,2026,37,0
Kota Lubuk Linggau,2026,38,0
Kota Lubuk Linggau,2026,39,0
Kota Pagar Alam,2021,1,0
Kota Pagar Alam,2021,2,0
Kota Pagar Alam,2021,3,0
Kota Pagar Alam,2021,4,0
Kota Pagar Alam,2021,5,0
Kota Pagar Alam,2021,6,0
Kota Pagar Alam,2021,7,0
Kota Pagar Alam,2021,8,0
Kota Pagar Alam,2021,9,0
Kota Pagar Alam,2021,10,0
Kota Pagar Alam,2021,11,0
Kota Pagar Alam,2021,12,0
Kota Pagar Alam,2021,13,0
Kota Pagar Alam,2021,14,0
Kota Pagar Alam,2021,15,0
Kota Pagar Alam,2021,16,0
Kota Pagar Alam,2021,17,0
Kota Pagar Alam,2021,18,0
Kota Pagar Alam,2021,19,0
Kota Pagar Alam,2021,20,0
Kota Pagar Alam,2021,21,0
Kota Pagar Alam,2021,22,0
Kota Pagar Alam,2021,23,0
Kota Pagar Alam,2021,24,0
Kota Pagar Alam,2021,25,0
Kota Pagar Alam,2021,26,0
Kota Pagar Alam,2021,27,0
Kota Pagar Alam,2021,28,0
Kota Pagar Alam,2021,29,0
Kota Pagar Alam,2021,30,0
Kota Pagar Alam,2021,31,0
Kota Pagar Alam,2021,32,0
Kota Pagar Alam,2021,33,0
Kota Pagar Alam,2021,34,0
Kota Pagar Alam,2021,35,0
Kota Pagar Alam,2021,36,0
Kota Pagar Alam,2021,37,0
Kota Pagar Alam,2021,38,0
Kota Pagar Alam,2021,39,0
Kota Pagar Alam,2021,40,0
Kota Pagar Alam,2021,41,0
Kota Pagar Alam,2021,42,0
Kota Pagar Alam,2021,43,0
Kota Pagar Alam,2021,44,0
Kota Pagar Alam,2021,45,0
Kota Pagar Alam,2021,46,0
Kota Pagar Alam,2021,47,0
Kota Pagar Alam,2021,48,0
Kota Pagar Alam,2021,49,0
Kota Pagar Alam,2021,50,0
Kota Pagar Alam,2021,51,0
Kota Pagar Alam,2021,52,0
Kota Pagar Alam,2022,1,0
Kota Pagar Alam,2022,2,0
Kota Pagar Alam,2022,3,0
Kota Pagar Alam,2022,4,0
Kota Pagar Alam,2022,5,0
Kota Pagar Alam,2022,6,0
Kota Pagar Alam,2022,7,0
Kota Pagar Alam,2022,8,0
Kota Pagar Alam,2022,9,0
Kota Pagar Alam,2022,10,0
Kota Pagar Alam,2022,11,0
Kota Pagar Alam,2022,12,0
Kota Pagar Alam,2022,13,0
Kota Pagar Alam,2022,14,0
Kota Pagar Alam,2022,15,0
Kota Pagar Alam,2022,16,0
Kota Pagar Alam,2022,17,0
Kota Pagar Alam,2022,18,0
Kota Pagar Alam,2022,19,0
Kota Pagar Alam,2022,20,0
Kota Pagar Alam,2022,21,0
Kota Pagar Alam,2022,22,0
Kota Pagar Alam,2022,23,0
Kota Pagar Alam,2022,24,0
Kota Pagar Alam,2022,25,0
Kota Pagar Alam,2022,26,0
Kota Pagar Alam,2022,27,0
Kota Pagar Alam,2022,28,0
Kota Pagar Alam,2022,29,0
Kota Pagar Alam,2022,30,0
Kota Pagar Alam,2022,31,0
Kota Pagar Alam,2022,32,0
Kota Pagar Alam,2022,33,0
Kota Pagar Alam,2022,34,0
Kota Pagar Alam,2022,35,0
Kota Pagar Alam,2022,36,0
Kota Pagar Alam,2022,37,0
Kota Pagar Alam,2022,38,0
Kota Pagar Alam,2022,39,0
Kota Pagar Alam,2022,40,0
Kota Pagar Alam,2022,41,0
Kota Pagar Alam,2022,42,0
Kota Pagar Alam,2022,43,0
Kota Pagar Alam,2022,44,0
Kota Pagar Alam,2022,45,0
Kota Pagar Alam,2022,46,0
Kota Pagar Alam,2022,47,0
Kota Pagar Alam,2022,48,0
Kota Pagar Alam,2022,49,0
Kota Pagar Alam,2022,50,0
Kota Pagar Alam,2022,51,0
Kota Pagar Alam,2022,52,0
Kota Pagar Alam,2023,1,0
Kota Pagar Alam,2023,2,0
Kota Pagar Alam,2023,3,0
Kota Pagar Alam,2023,4,0
Kota Pagar Alam,2023,5,0
Kota Pagar Alam,2023,6,0
Kota Pagar Alam,2023,7,0
Kota Pagar Alam,2023,8,0
Kota Pagar Alam,2023,9,0
Kota Pagar Alam,2023,10,0
Kota Pagar Alam,2023,11,0
Kota Pagar Alam,2023,12,0
Kota Pagar Alam,2023,13,0
Kota Pagar Alam,2023,14,0
Kota Pagar Alam,2023,15,0
Kota Pagar Alam,2023,16,0
Kota Pagar Alam,2023,17,0
Kota Pagar Alam,2023,18,0
Kota Pagar Alam,2023,19,0
Kota Pagar Alam,2023,20,0
Kota Pagar Alam,2023,21,0
Kota Pagar Alam,2023,22,0
Kota Pagar Alam,2023,23,0
Kota Pagar Alam,2023,24,0
Kota Pagar Alam,2023,25,0
Kota Pagar Alam,2023,26,0
Kota Pagar Alam,2023,27,0
Kota Pagar Alam,2023,28,0
Kota Pagar Alam,2023,29,0
Kota Pagar Alam,2023,30,0
Kota Pagar Alam,2023,31,0
Kota Pagar Alam,2023,32,0
Kota Pagar Alam,2023,33,0
Kota Pagar Alam,2023,34,0
Kota Pagar Alam,2023,35,0
Kota Pagar Alam,2023,36,0
Kota Pagar Alam,2023,37,0
Kota Pagar Alam,2023,38,0
Kota Pagar Alam,2023,39,0
Kota Pagar Alam,2023,40,0
Kota Pagar Alam,2023,41,0
Kota Pagar Alam,2023,42,0
Kota Pagar Alam,2023,43,0
Kota Pagar Alam,2023,44,0
Kota Pagar Alam,2023,45,0
Kota Pagar Alam,2023,46,0
Kota Pagar Alam,2023,47,0
Kota Pagar Alam,2023,48,0
Kota Pagar Alam,2023,49,0
Kota Pagar Alam,2023,50,0
Kota Pagar Alam,2023,51,0
Kota Pagar Alam,2023,52,0
Kota Pagar Alam,2024,1,0
Kota Pagar Alam,2024,2,0
Kota Pagar Alam,2024,3,0
Kota Pagar Alam,2024,4,0
Kota Pagar Alam,2024,5,0
Kota Pagar Alam,2024,6,0
Kota Pagar Alam,2024,7,0
Kota Pagar Alam,2024,8,0
Kota Pagar Alam,2024,9,0
Kota Pagar Alam,2024,10,0
Kota Pagar Alam,2024,11,0
Kota Pagar Alam,2024,12,0
Kota Pagar Alam,2024,13,0
Kota Pagar Alam,2024,14,0
Kota Pagar Alam,2024,15,0
Kota Pagar Alam,2024,16,0
Kota Pagar Alam,2024,17,0
Kota Pagar Alam,2024,18,0
Kota Pagar Alam,2024,19,0
Kota Pagar Alam,2024,20,0
Kota Pagar Alam,2024,21,0
Kota Pagar Alam,2024,22,0
Kota Pagar Alam,2024,23,0
Kota Pagar Alam,2024,24,0
Kota Pagar Alam,2024,25,0
Kota Pagar Alam,2024,26,0
Kota Pagar Alam,2024,27,0
Kota Pagar Alam,2024,28,0
Kota Pagar Alam,2024,29,0
Kota Pagar Alam,2024,30,0
Kota Pagar Alam,2024,31,0
Kota Pagar Alam,2024,32,0
Kota Pagar Alam,2024,33,0
Kota Pagar Alam,2024,34,0
Kota Pagar Alam,2024,35,0
Kota Pagar Alam,2024,36,0
Kota Pagar Alam,2024,37,0
Kota Pagar Alam,2024,38,0
Kota Pagar Alam,2024,39,0
Kota Pagar Alam,2024,40,0
Kota Pagar Alam,2024,41,0
Kota Pagar Alam,2024,42,0
Kota Pagar Alam,2024,43,0
Kota Pagar Alam,2024,44,0
Kota Pagar Alam,2024,45,0
Kota Pagar Alam,2024,46,0
Kota Pagar Alam,2024,47,0
Kota Pagar Alam,2024,48,0
Kota Pagar Alam,2024,49,0
Kota Pagar Alam,2024,50,0
Kota Pagar Alam,2024,51,0
Kota Pagar Alam,2024,52,0
Kota Pagar Alam,2025,1,0
Kota Pagar Alam,2025,2,0
Kota Pagar Alam,2025,3,0
Kota Pagar Alam,2025,4,0
Kota Pagar Alam,2025,5,0
Kota Pagar Alam,2025,6,0
Kota Pagar Alam,2025,7,0
Kota Pagar Alam,2025,8,0
Kota Pagar Alam,2025,9,0
Kota Pagar Alam,2025,10,0
Kota Pagar Alam,2025,11,0
Kota Pagar Alam,2025,12,0
Kota Pagar Alam,2025,13,0
Kota Pagar Alam,2025,14,0
Kota Pagar Alam,2025,15,0
Kota Pagar Alam,2025,16,0
Kota Pagar Alam,2025,17,0
Kota Pagar Alam,2025,18,0
Kota Pagar Alam,2025,19,0
Kota Pagar Alam,2025,20,0
Kota Pagar Alam,2025,21,0
Kota Pagar Alam,2025,22,0
Kota Pagar Alam,2025,23,0
Kota Pagar Alam,2025,24,0
Kota Pagar Alam,2025,25,0
Kota Pagar Alam,2025,26,0
Kota Pagar Alam,2025,27,0
Kota Pagar Alam,2025,28,0
Kota Pagar Alam,2025,29,0
Kota Pagar Alam,2025,30,0
Kota Pagar Alam,2025,31,0
Kota Pagar Alam,2025,32,0
Kota Pagar Alam,2025,33,0
Kota Pagar Alam,2025,34,0
Kota Pagar Alam,2025,35,0
Kota Pagar Alam,2025,36,0
Kota Pagar Alam,2025,37,0
Kota Pagar Alam,2025,38,0
Kota Pagar Alam,2025,39,0
Kota Pagar Alam,2025,40,0
Kota Pagar Alam,2025,41,0
Kota Pagar Alam,2025,42,0
Kota Pagar Alam,2025,43,0
Kota Pagar Alam,2025,44,0
Kota Pagar Alam,2025,45,0
Kota Pagar Alam,2025,46,0
Kota Pagar Alam,2025,47,0
Kota Pagar Alam,2025,48,0
Kota Pagar Alam,2025,49,0
Kota Pagar Alam,2025,50,0
Kota Pagar Alam,2025,51,0
Kota Pagar Alam,2025,52,0
Kota Pagar Alam,2026,1,0
Kota Pagar Alam,2026,2,0
Kota Pagar Alam,2026,3,0
Kota Pagar Alam,2026,4,0
Kota Pagar Alam,2026,5,0
Kota Pagar Alam,2026,6,0
Kota Pagar Alam,2026,7,0
Kota Pagar Alam,2026,8,0
Kota Pagar Alam,2026,9,0
Kota Pagar Alam,2026,10,0
Kota Pagar Alam,2026,11,0
Kota Pagar Alam,2026,12,0
Kota Pagar Alam,2026,13,0
Kota Pagar Alam,2026,14,0
Kota Pagar Alam,2026,15,0
Kota Pagar Alam,2026,16,0
Kota Pagar Alam,2026,17,0
Kota Pagar Alam,2026,18,0
Kota Pagar Alam,2026,19,0
Kota Pagar Alam,2026,20,0
Kota Pagar Alam,2026,21,0
Kota Pagar Alam,2026,22,0
Kota Pagar Alam,2026,23,0
Kota Pagar Alam,2026,24,0
Kota Pagar Alam,2026,25,0
Kota Pagar Alam,2026,26,0
Kota Pagar Alam,2026,27,0
Kota Pagar Alam,2026,28,0
Kota Pagar Alam,2026,29,0
Kota Pagar Alam,2026,30,0
Kota Pagar Alam,2026,31,0
Kota Pagar Alam,2026,32,0
Kota Pagar Alam,2026,33,0
Kota Pagar Alam,2026,34,0
Kota Pagar Alam,2026,35,0
Kota Pagar Alam,2026,36,0
Kota Pagar Alam,2026,37,0
Kota Pagar Alam,2026,38,0
Kota Pagar Alam,2026,39,0
Kota Palembang,2021,1,50
Kota Palembang,2021,2,0
Kota Palembang,2021,3,0
Kota Palembang,2021,4,0
Kota Palembang,2021,5,0
Kota Palembang,2021,6,0
Kota Palembang,2021,7,0
Kota Palembang,2021,8,0
Kota Palembang,2021,9,0
Kota Palembang,2021,10,0
Kota Palembang,2021,11,0
Kota Palembang,2021,12,0
Kota Palembang,2021,13,0
Kota Palembang,2021,14,0
Kota Palembang,2021,15,1
Kota Palembang,2021,16,0
Kota Palembang,2021,17,1
Kota Palembang,2021,18,0
Kota Palembang,2021,19,0
Kota Palembang,2021,20,0
Kota Palembang,2021,21,0
Kota Palembang,2021,22,0
Kota Palembang,2021,23,1
Kota Palembang,2021,24,1
Kota Palembang,2021,25,0
Kota Palembang,2021,26,0
Kota Palembang,2021,27,0
Kota Palembang,2021,28,0
Kota Palembang,2021,29,0
Kota Palembang,2021,30,0
Kota Palembang,2021,31,0
Kota Palembang,2021,32,0
Kota Palembang,2021,33,0
Kota Palembang,2021,34,0
Kota Palembang,2021,35,0
Kota Palembang,2021,36,0
Kota Palembang,2021,37,0
Kota Palembang,2021,38,0
Kota Palembang,2021,39,0
Kota Palembang,2021,40,0
Kota Palembang,2021,41,0
Kota Palembang,2021,42,0
Kota Palembang,2021,43,0
Kota Palembang,2021,44,0
Kota Palembang,2021,45,0
Kota Palembang,2021,46,0
Kota Palembang,2021,47,0
Kota Palembang,2021,48,0
Kota Palembang,2021,49,0
Kota Palembang,2021,50,0
Kota Palembang,2021,51,0
Kota Palembang,2021,52,0
Kota Palembang,2022,1,0
Kota Palembang,2022,2,0
Kota Palembang,2022,3,1
Kota Palembang,2022,4,0
Kota Palembang,2022,5,0
Kota Palembang,2022,6,0
Kota Palembang,2022,7,0
Kota Palembang,2022,8,0
Kota Palembang,2022,9,0
Kota Palembang,2022,10,0
Kota Palembang,2022,11,0
Kota Palembang,2022,12,0
Kota Palembang,2022,13,0
Kota Palembang,2022,14,0
Kota Palembang,2022,15,1
Kota Palembang,2022,16,0
Kota Palembang,2022,17,0
Kota Palembang,2022,18,0
Kota Palembang,2022,19,0
Kota Palembang,2022,20,0
Kota Palembang,2022,21,0
Kota Palembang,2022,22,0
Kota Palembang,2022,23,0
Kota Palembang,2022,24,0
Kota Palembang,2022,25,0
Kota Palembang,2022,26,0
Kota Palembang,2022,27,0
Kota Palembang,2022,28,0
Kota Palembang,2022,29,0
Kota Palembang,2022,30,0
Kota Palembang,2022,31,0
Kota Palembang,2022,32,0
Kota Palembang,2022,33,0
Kota Palembang,2022,34,1
Kota Palembang,2022,35,0
Kota Palembang,2022,36,1
Kota Palembang,2022,37,0
Kota Palembang,2022,38,2
Kota Palembang,2022,39,0
Kota Palembang,2022,40,0
Kota Palembang,2022,41,0
Kota Palembang,2022,42,0
Kota Palembang,2022,43,0
Kota Palembang,2022,44,2
Kota Palembang,2022,45,0
Kota Palembang,2022,46,0
Kota Palembang,2022,47,0
Kota Palembang,2022,48,1
Kota Palembang,2022,49,0
Kota Palembang,2022,50,0
Kota Palembang,2022,51,0
Kota Palembang,2022,52,0
Kota Palembang,2023,1,0
Kota Palembang,2023,2,0
Kota Palembang,2023,3,0
Kota Palembang,2023,4,0
Kota Palembang,2023,5,0
Kota Palembang,2023,6,0
Kota Palembang,2023,7,0
Kota Palembang,2023,8,0
Kota Palembang,2023,9,0
Kota Palembang,2023,10,0
Kota Palembang,2023,11,0
Kota Palembang,2023,12,0
Kota Palembang,2023,13,0
Kota Palembang,2023,14,0
Kota Palembang,2023,15,0
Kota Palembang,2023,16,0
Kota Palembang,2023,17,0
Kota Palembang,2023,18,0
Kota Palembang,2023,19,0
Kota Palembang,2023,20,0
Kota Palembang,2023,21,0
Kota Palembang,2023,22,0
Kota Palembang,2023,23,0
Kota Palembang,2023,24,1
Kota Palembang,2023,25,1
Kota Palembang,2023,26,0
Kota Palembang,2023,27,0
Kota Palembang,2023,28,0
Kota Palembang,2023,29,0
Kota Palembang,2023,30,0
Kota Palembang,2023,31,0
Kota Palembang,2023,32,0
Kota Palembang,2023,33,0
Kota Palembang,2023,34,2
Kota Palembang,2023,35,0
Kota Palembang,2023,36,0
Kota Palembang,2023,37,1
Kota Palembang,2023,38,0
Kota Palembang,2023,39,0
Kota Palembang,2023,40,1
Kota Palembang,2023,41,0
Kota Palembang,2023,42,0
Kota Palembang,2023,43,0
Kota Palembang,2023,44,0
Kota Palembang,2023,45,0
Kota Palembang,2023,46,0
Kota Palembang,2023,47,0
Kota Palembang,2023,48,0
Kota Palembang,2023,49,0
Kota Palembang,2023,50,0
Kota Palembang,2023,51,0
Kota Palembang,2023,52,0
Kota Palembang,2024,1,0
Kota Palembang,2024,2,0
Kota Palembang,2024,3,0
Kota Palembang,2024,4,0
Kota Palembang,2024,5,0
Kota Palembang,2024,6,0
Kota Palembang,2024,7,0
Kota Palembang,2024,8,0
Kota Palembang,2024,9,0
Kota Palembang,2024,10,0
Kota Palembang,2024,11,1
Kota Palembang,2024,12,0
Kota Palembang,2024,13,0
Kota Palembang,2024,14,0
Kota Palembang,2024,15,0
Kota Palembang,2024,16,0
Kota Palembang,2024,17,0
Kota Palembang,2024,18,0
Kota Palembang,2024,19,0
Kota Palembang,2024,20,1
Kota Palembang,2024,21,0
Kota Palembang,2024,22,0
Kota Palembang,2024,23,0
Kota Palembang,2024,24,0
Kota Palembang,2024,25,0
Kota Palembang,2024,26,0
Kota Palembang,2024,27,0
Kota Palembang,2024,28,0
Kota Palembang,2024,29,0
Kota Palembang,2024,30,0
Kota Palembang,2024,31,1
Kota Palembang,2024,32,0
Kota Palembang,2024,33,0
Kota Palembang,2024,34,0
Kota Palembang,2024,35,0
Kota Palembang,2024,36,0
Kota Palembang,2024,37,0
Kota Palembang,2024,38,0
Kota Palembang,2024,39,0
Kota Palembang,2024,40,0
Kota Palembang,2024,41,0
Kota Palembang,2024,42,0
Kota Palembang,2024,43,0
Kota Palembang,2024,44,0
Kota Palembang,2024,45,1
Kota Palembang,2024,46,0
Kota Palembang,2024,47,0
Kota Palembang,2024,48,0
Kota Palembang,2024,49,0
Kota Palembang,2024,50,0
Kota Palembang,2024,51,0
Kota Palembang,2024,52,0
Kota Palembang,2025,1,0
Kota Palembang,2025,2,0
Kota Palembang,2025,3,0
Kota Palembang,2025,4,0
Kota Palembang,2025,5,0
Kota Palembang,2025,6,0
Kota Palembang,2025,7,0
Kota Palembang,2025,8,1
Kota Palembang,2025,9,0
Kota Palembang,2025,10,1
Kota Palembang,2025,11,0
Kota Palembang,2025,12,0
Kota Palembang,2025,13,1
Kota Palembang,2025,14,0
Kota Palembang,2025,15,0
Kota Palembang,2025,16,1
Kota Palembang,2025,17,0
Kota Palembang,2025,18,0
Kota Palembang,2025,19,0
Kota Palembang,2025,20,0
Kota Palembang,2025,21,0
Kota Palembang,2025,22,0
Kota Palembang,2025,23,0
Kota Palembang,2025,24,0
Kota Palembang,2025,25,1
Kota Palembang,2025,26,0
Kota Palembang,2025,27,0
Kota Palembang,2025,28,0
Kota Palembang,2025,29,0
Kota Palembang,2025,30,0
Kota Palembang,2025,31,1
Kota Palembang,2025,32,0
Kota Palembang,2025,33,0
Kota Palembang,2025,34,0
Kota Palembang,2025,35,0
Kota Palembang,2025,36,0
Kota Palembang,2025,37,0
Kota Palembang,2025,38,3
Kota Palembang,2025,39,1
Kota Palembang,2025,40,0
Kota Palembang,2025,41,0
Kota Palembang,2025,42,0
Kota Palembang,2025,43,1
Kota Palembang,2025,44,1
Kota Palembang,2025,45,0
Kota Palembang,2025,46,2
Kota Palembang,2025,47,0
Kota Palembang,2025,48,0
Kota Palembang,2025,49,0
Kota Palembang,2025,50,0
Kota Palembang,2025,51,0
Kota Palembang,2025,52,0
Kota Palembang,2026,1,0
Kota Palembang,2026,2,0
Kota Palembang,2026,3,0
Kota Palembang,2026,4,0
Kota Palembang,2026,5,0
Kota Palembang,2026,6,0
Kota Palembang,2026,7,0
Kota Palembang,2026,8,2
Kota Palembang,2026,9,0
Kota Palembang,2026,10,0
Kota Palembang,2026,11,2
Kota Palembang,2026,12,0
Kota Palembang,2026,13,0
Kota Palembang,2026,14,0
Kota Palembang,2026,15,4
Kota Palembang,2026,16,0
Kota Palembang,2026,17,0
Kota Palembang,2026,18,0
Kota Palembang,2026,19,0
Kota Palembang,2026,20,0
Kota Palembang,2026,21,0
Kota Palembang,2026,22,0
Kota Palembang,2026,23,0
Kota Palembang,2026,24,0
Kota Palembang,2026,25,0
Kota Palembang,2026,26,1
Kota Palembang,2026,27,0
Kota Palembang,2026,28,2
Kota Palembang,2026,29,1
Kota Palembang,2026,30,0
Kota Palembang,2026,31,0
Kota Palembang,2026,32,0
Kota Palembang,2026,33,1
Kota Palembang,2026,34,0
Kota Palembang,2026,35,0
Kota Palembang,2026,36,1
Kota Palembang,2026,37,2
Kota Palembang,2026,38,0
Kota Palembang,2026,39,0
Kota Prabumulih,2021,1,0
Kota Prabumulih,2021,2,0
Kota Prabumulih,2021,3,0
Kota Prabumulih,2021,4,0
Kota Prabumulih,2021,5,0
Kota Prabumulih,2021,6,0
Kota Prabumulih,2021,7,0
Kota Prabumulih,2021,8,0
Kota Prabumulih,2021,9,0
Kota Prabumulih,2021,10,0
Kota Prabumulih,2021,11,0
Kota Prabumulih,2021,12,0
Kota Prabumulih,2021,13,0
Kota Prabumulih,2021,14,0
Kota Prabumulih,2021,15,0
Kota Prabumulih,2021,16,0
Kota Prabumulih,2021,17,0
Kota Prabumulih,2021,18,0
Kota Prabumulih,2021,19,0
Kota Prabumulih,2021,20,0
Kota Prabumulih,2021,21,0
Kota Prabumulih,2021,22,0
Kota Prabumulih,2021,23,0
Kota Prabumulih,2021,24,0
Kota Prabumulih,2021,25,0
Kota Prabumulih,2021,26,0
Kota Prabumulih,2021,27,0
Kota Prabumulih,2021,28,0
Kota Prabumulih,2021,29,0
Kota Prabumulih,2021,30,0
Kota Prabumulih,2021,31,0
Kota Prabumulih,2021,32,0
Kota Prabumulih,2021,33,0
Kota Prabumulih,2021,34,0
Kota Prabumulih,2021,35,0
Kota Prabumulih,2021,36,0
Kota Prabumulih,2021,37,0
Kota Prabumulih,2021,38,0
Kota Prabumulih,2021,39,0
Kota Prabumulih,2021,40,0
Kota Prabumulih,2021,41,0
Kota Prabumulih,2021,42,0
Kota Prabumulih,2021,43,0
Kota Prabumulih,2021,44,0
Kota Prabumulih,2021,45,0
Kota Prabumulih,2021,46,0
Kota Prabumulih,2021,47,0
Kota Prabumulih,2021,48,0
Kota Prabumulih,2021,49,0
Kota Prabumulih,2021,50,0
Kota Prabumulih,2021,51,0
Kota Prabumulih,2021,52,0
Kota Prabumulih,2022,1,0
Kota Prabumulih,2022,2,0
Kota Prabumulih,2022,3,0
Kota Prabumulih,2022,4,0
Kota Prabumulih,2022,5,0
Kota Prabumulih,2022,6,0
Kota Prabumulih,2022,7,0
Kota Prabumulih,2022,8,0
Kota Prabumulih,2022,9,0
Kota Prabumulih,2022,10,0
Kota Prabumulih,2022,11,0
Kota Prabumulih,2022,12,0
Kota Prabumulih,2022,13,0
Kota Prabumulih,2022,14,0
Kota Prabumulih,2022,15,0
Kota Prabumulih,2022,16,0
Kota Prabumulih,2022,17,0
Kota Prabumulih,2022,18,0
Kota Prabumulih,2022,19,0
Kota Prabumulih,2022,20,0
Kota Prabumulih,2022,21,0
Kota Prabumulih,2022,22,0
Kota Prabumulih,2022,23,0
Kota Prabumulih,2022,24,0
Kota Prabumulih,2022,25,0
Kota Prabumulih,2022,26,0
Kota Prabumulih,2022,27,0
Kota Prabumulih,2022,28,0
Kota Prabumulih,2022,29,0
Kota Prabumulih,2022,30,0
Kota Prabumulih,2022,31,0
Kota Prabumulih,2022,32,0
Kota Prabumulih,2022,33,0
Kota Prabumulih,2022,34,0
Kota Prabumulih,2022,35,0
Kota Prabumulih,2022,36,0
Kota Prabumulih,2022,37,0
Kota Prabumulih,2022,38,0
Kota Prabumulih,2022,39,0
Kota Prabumulih,2022,40,0
Kota Prabumulih,2022,41,0
Kota Prabumulih,2022,42,0
Kota Prabumulih,2022,43,0
Kota Prabumulih,2022,44,0
Kota Prabumulih,2022,45,0
Kota Prabumulih,2022,46,0
Kota Prabumulih,2022,47,0
Kota Prabumulih,2022,48,0
Kota Prabumulih,2022,49,0
Kota Prabumulih,2022,50,0
Kota Prabumulih,2022,51,0
Kota Prabumulih,2022,52,0
Kota Prabumulih,2023,1,0
Kota Prabumulih,2023,2,0
Kota Prabumulih,2023,3,0
Kota Prabumulih,2023,4,0
Kota Prabumulih,2023,5,0
Kota Prabumulih,2023,6,0
Kota Prabumulih,2023,7,0
Kota Prabumulih,2023,8,0
Kota Prabumulih,2023,9,0
Kota Prabumulih,2023,10,0
Kota Prabumulih,2023,11,0
Kota Prabumulih,2023,12,0
Kota Prabumulih,2023,13,0
Kota Prabumulih,2023,14,0
Kota Prabumulih,2023,15,0
Kota Prabumulih,2023,16,0
Kota Prabumulih,2023,17,0
Kota Prabumulih,2023,18,0
Kota Prabumulih,2023,19,0
Kota Prabumulih,2023,20,0
Kota Prabumulih,2023,21,0
Kota Prabumulih,2023,22,0
Kota Prabumulih,2023,23,0
Kota Prabumulih,2023,24,0
Kota Prabumulih,2023,25,0
Kota Prabumulih,2023,26,0
Kota Prabumulih,2023,27,0
Kota Prabumulih,2023,28,0
Kota Prabumulih,2023,29,0
Kota Prabumulih,2023,30,0
Kota Prabumulih,2023,31,0
Kota Prabumulih,2023,32,0
Kota Prabumulih,2023,33,0
Kota Prabumulih,2023,34,0
Kota Prabumulih,2023,35,0
Kota Prabumulih,2023,36,0
Kota Prabumulih,2023,37,0
Kota Prabumulih,2023,38,0
Kota Prabumulih,2023,39,0
Kota Prabumulih,2023,40,0
Kota Prabumulih,2023,41,0
Kota Prabumulih,2023,42,0
Kota Prabumulih,2023,43,0
Kota Prabumulih,2023,44,0
Kota Prabumulih,2023,45,0
Kota Prabumulih,2023,46,0
Kota Prabumulih,2023,47,0
Kota Prabumulih,2023,48,0
Kota Prabumulih,2023,49,0
Kota Prabumulih,2023,50,0
Kota Prabumulih,2023,51,0
Kota Prabumulih,2023,52,0
Kota Prabumulih,2024,1,0
Kota Prabumulih,2024,2,0
Kota Prabumulih,2024,3,0
Kota Prabumulih,2024,4,0
Kota Prabumulih,2024,5,0
Kota Prabumulih,2024,6,0
Kota Prabumulih,2024,7,0
Kota Prabumulih,2024,8,0
Kota Prabumulih,2024,9,0
Kota Prabumulih,2024,10,0
Kota Prabumulih,2024,11,0
Kota Prabumulih,2024,12,0
Kota Prabumulih,2024,13,0
Kota Prabumulih,2024,14,0
Kota Prabumulih,2024,15,0
Kota Prabumulih,2024,16,0
Kota Prabumulih,2024,17,0
Kota Prabumulih,2024,18,0
Kota Prabumulih,2024,19,0
Kota Prabumulih,2024,20,0
Kota Prabumulih,2024,21,0
Kota Prabumulih,2024,22,0
Kota Prabumulih,2024,23,0
Kota Prabumulih,2024,24,0
Kota Prabumulih,2024,25,0
Kota Prabumulih,2024,26,0
Kota Prabumulih,2024,27,0
Kota Prabumulih,2024,28,0
Kota Prabumulih,2024,29,0
Kota Prabumulih,2024,30,0
Kota Prabumulih,2024,31,0
Kota Prabumulih,2024,32,0
Kota Prabumulih,2024,33,0
Kota Prabumulih,2024,34,0
Kota Prabumulih,2024,35,0
Kota Prabumulih,2024,36,0
Kota Prabumulih,2024,37,0
Kota Prabumulih,2024,38,0
Kota Prabumulih,2024,39,0
Kota Prabumulih,2024,40,0
Kota Prabumulih,2024,41,0
Kota Prabumulih,2024,42,0
Kota Prabumulih,2024,43,0
Kota Prabumulih,2024,44,0
Kota Prabumulih,2024,45,0
Kota Prabumulih,2024,46,0
Kota Prabumulih,2024,47,0
Kota Prabumulih,2024,48,0
Kota Prabumulih,2024,49,0
Kota Prabumulih,2024,50,0
Kota Prabumulih,2024,51,0
Kota Prabumulih,2024,52,5
Kota Prabumulih,2025,1,0
Kota Prabumulih,2025,2,0
Kota Prabumulih,2025,3,0
Kota Prabumulih,2025,4,0
Kota Prabumulih,2025,5,0
Kota Prabumulih,2025,6,0
Kota Prabumulih,2025,7,0
Kota Prabumulih,2025,8,0
Kota Prabumulih,2025,9,0
Kota Prabumulih,2025,10,0
Kota Prabumulih,2025,11,0
Kota Prabumulih,2025,12,0
Kota Prabumulih,2025,13,0
Kota Prabumulih,2025,14,0
Kota Prabumulih,2025,15,0
Kota Prabumulih,2025,16,0
Kota Prabumulih,2025,17,0
Kota Prabumulih,2025,18,0
Kota Prabumulih,2025,19,0
Kota Prabumulih,2025,20,0
Kota Prabumulih,2025,21,0
Kota Prabumulih,2025,22,0
Kota Prabumulih,2025,23,0
Kota Prabumulih,2025,24,0
Kota Prabumulih,2025,25,0
Kota Prabumulih,2025,26,0
Kota Prabumulih,2025,27,0
Kota Prabumulih,2025,28,0
Kota Prabumulih,2025,29,0
Kota Prabumulih,2025,30,0
Kota Prabumulih,2025,31,0
Kota Prabumulih,2025,32,0
Kota Prabumulih,2025,33,0
Kota Prabumulih,2025,34,0
Kota Prabumulih,2025,35,0
Kota Prabumulih,2025,36,0
Kota Prabumulih,2025,37,0
Kota Prabumulih,2025,38,0
Kota Prabumulih,2025,39,0
Kota Prabumulih,2025,40,0
Kota Prabumulih,2025,41,0
Kota Prabumulih,2025,42,0
Kota Prabumulih,2025,43,0
Kota Prabumulih,2025,44,0
Kota Prabumulih,2025,45,0
Kota Prabumulih,2025,46,0
Kota Prabumulih,2025,47,0
Kota Prabumulih,2025,48,0
Kota Prabumulih,2025,49,0
Kota Prabumulih,2025,50,0
Kota Prabumulih,2025,51,0
Kota Prabumulih,2025,52,0
Kota Prabumulih,2026,1,0
Kota Prabumulih,2026,2,0
Kota Prabumulih,2026,3,0
Kota Prabumulih,2026,4,0
Kota Prabumulih,2026,5,0
Kota Prabumulih,2026,6,0
Kota Prabumulih,2026,7,0
Kota Prabumulih,2026,8,0
Kota Prabumulih,2026,9,0
Kota Prabumulih,2026,10,0
Kota Prabumulih,2026,11,0
Kota Prabumulih,2026,12,0
Kota Prabumulih,2026,13,0
Kota Prabumulih,2026,14,0
Kota Prabumulih,2026,15,0
Kota Prabumulih,2026,16,0
Kota Prabumulih,2026,17,0
Kota Prabumulih,2026,18,0
Kota Prabumulih,2026,19,0
Kota Prabumulih,2026,20,0
Kota Prabumulih,2026,21,0
Kota Prabumulih,2026,22,0
Kota Prabumulih,2026,23,0
Kota Prabumulih,2026,24,0
Kota Prabumulih,2026,25,0
Kota Prabumulih,2026,26,0
Kota Prabumulih,2026,27,0
Kota Prabumulih,2026,28,0
Kota Prabumulih,2026,29,0
Kota Prabumulih,2026,30,0
Kota Prabumulih,2026,31,1
Kota Prabumulih,2026,32,0
Kota Prabumulih,2026,33,0
Kota Prabumulih,2026,34,0
Kota Prabumulih,2026,35,0
Kota Prabumulih,2026,36,0
Kota Prabumulih,2026,37,0
Kota Prabumulih,2026,38,2
Kota Prabumulih,2026,39,0
